Trial,Mouse X,Mouse Y,Cursor X,Cursor Y,Rotation
0,5.0,-2.0,5.0,-2.0,0.0
0,5.0,-2.0,5.0,-2.0,0.0
0,5.0,-2.0,5.0,-2.0,0.0
0,5.0,-2.0,5.0,-2.0,0.0
0,5.0,-2.0,5.0,-2.0,0.0
0,5.0,-2.0,5.0,-2.0,0.0
0,5.0,-2.0,5.0,-2.0,0.0
0,5.0,-2.0,5.0,-2.0,0.0
0,5.0,-2.0,5.0,-2.0,0.0
0,5.0,-2.0,5.0,-2.0,0.0
0,5.0,-2.0,5.0,-2.0,0.0
0,5.0,-2.0,5.0,-2.0,0.0
0,5.0,-2.0,5.0,-2.0,0.0
0,5.0,-2.0,5.0,-2.0,0.0
0,5.0,-2.0,5.0,-2.0,0.0
0,5.0,-2.0,5.0,-2.0,0.0
0,5.0,-2.0,5.0,-2.0,0.0
0,5.0,-2.0,5.0,-2.0,0.0
0,5.0,-2.0,5.0,-2.0,0.0
0,5.0,-2.0,5.0,-2.0,0.0
0,5.0,-1.0,5.0,-1.0,0.0
0,5.0,8.0,5.0,8.0,0.0
0,5.0,18.0,5.0,18.0,0.0
0,5.0,28.0,5.0,28.0,0.0
0,5.0,42.0,5.0,42.0,0.0
0,3.0,57.0,3.0,57.0,0.0
0,3.0,67.0,3.0,67.0,0.0
0,2.0,82.0,2.0,82.0,0.0
0,1.0,104.0,1.0,104.0,0.0
0,-1.0,123.0,-1.0,123.0,0.0
0,-2.0,145.0,-2.0,145.0,0.0
0,-2.0,163.0,-2.0,163.0,0.0
0,-1.0,175.0,-1.0,175.0,0.0
0,2.0,187.0,2.0,187.0,0.0
0,5.0,197.0,5.0,197.0,0.0
0,6.0,201.0,6.0,201.0,0.0
0,7.0,204.0,7.0,204.0,0.0
0,7.0,205.0,7.0,205.0,0.0
0,7.0,205.0,7.0,205.0,0.0
0,7.0,205.0,7.0,205.0,0.0
0,7.0,205.0,7.0,205.0,0.0
0,7.0,205.0,7.0,205.0,0.0
0,7.0,205.0,7.0,205.0,0.0
0,7.0,205.0,7.0,205.0,0.0
0,7.0,205.0,7.0,205.0,0.0
0,7.0,205.0,7.0,205.0,0.0
0,7.0,205.0,7.0,205.0,0.0
0,7.0,205.0,7.0,205.0,0.0
0,7.0,205.0,7.0,205.0,0.0
0,7.0,205.0,7.0,205.0,0.0
0,7.0,205.0,7.0,205.0,0.0
0,7.0,205.0,7.0,205.0,0.0
0,7.0,205.0,7.0,205.0,0.0
0,7.0,205.0,7.0,205.0,0.0
0,7.0,205.0,7.0,205.0,0.0
0,7.0,205.0,7.0,205.0,0.0
0,7.0,205.0,7.0,205.0,0.0
0,7.0,205.0,7.0,205.0,0.0
0,7.0,205.0,7.0,205.0,0.0
0,7.0,205.0,7.0,205.0,0.0
0,7.0,205.0,7.0,205.0,0.0
0,7.0,205.0,7.0,205.0,0.0
0,7.0,205.0,7.0,205.0,0.0
0,7.0,205.0,7.0,205.0,0.0
0,7.0,205.0,7.0,205.0,0.0
0,7.0,205.0,7.0,205.0,0.0
0,7.0,205.0,7.0,205.0,0.0
0,7.0,205.0,7.0,205.0,0.0
0,7.0,205.0,7.0,205.0,0.0
0,7.0,205.0,7.0,205.0,0.0
0,7.0,205.0,7.0,205.0,0.0
0,7.0,205.0,7.0,205.0,0.0
0,7.0,205.0,7.0,205.0,0.0
0,7.0,205.0,7.0,205.0,0.0
0,7.0,205.0,7.0,205.0,0.0
0,7.0,205.0,7.0,205.0,0.0
0,7.0,205.0,7.0,205.0,0.0
0,7.0,205.0,7.0,205.0,0.0
0,7.0,205.0,7.0,205.0,0.0
0,7.0,205.0,7.0,205.0,0.0
0,7.0,205.0,7.0,205.0,0.0
0,7.0,205.0,7.0,205.0,0.0
0,7.0,205.0,7.0,205.0,0.0
0,7.0,205.0,7.0,205.0,0.0
0,7.0,205.0,7.0,205.0,0.0
0,7.0,205.0,7.0,205.0,0.0
0,7.0,205.0,7.0,205.0,0.0
0,7.0,205.0,7.0,205.0,0.0
0,7.0,205.0,7.0,205.0,0.0
0,7.0,205.0,7.0,205.0,0.0
0,7.0,205.0,7.0,205.0,0.0
0,7.0,205.0,7.0,205.0,0.0
0,7.0,205.0,7.0,205.0,0.0
0,7.0,205.0,7.0,205.0,0.0
0,7.0,205.0,7.0,205.0,0.0
0,7.0,205.0,7.0,205.0,0.0
0,7.0,205.0,7.0,205.0,0.0
0,7.0,205.0,7.0,205.0,0.0
0,7.0,205.0,7.0,205.0,0.0
0,7.0,205.0,7.0,205.0,0.0
0,7.0,205.0,7.0,205.0,0.0
0,7.0,205.0,7.0,205.0,0.0
0,7.0,205.0,7.0,205.0,0.0
0,7.0,205.0,7.0,205.0,0.0
0,7.0,205.0,7.0,205.0,0.0
0,7.0,205.0,7.0,205.0,0.0
0,7.0,205.0,7.0,205.0,0.0
0,7.0,205.0,7.0,205.0,0.0
0,7.0,205.0,7.0,205.0,0.0
0,7.0,205.0,7.0,205.0,0.0
0,7.0,205.0,7.0,205.0,0.0
0,7.0,205.0,7.0,205.0,0.0
0,7.0,205.0,7.0,205.0,0.0
0,7.0,205.0,7.0,205.0,0.0
0,7.0,205.0,7.0,205.0,0.0
1,-4.0,-1.0,-4.0,-1.0,0.0
1,-4.0,-1.0,-4.0,-1.0,0.0
1,-4.0,-1.0,-4.0,-1.0,0.0
1,-4.0,-1.0,-4.0,-1.0,0.0
1,-4.0,-1.0,-4.0,-1.0,0.0
1,-4.0,-1.0,-4.0,-1.0,0.0
1,-4.0,-1.0,-4.0,-1.0,0.0
1,-4.0,-1.0,-4.0,-1.0,0.0
1,-4.0,-1.0,-4.0,-1.0,0.0
1,-4.0,-1.0,-4.0,-1.0,0.0
1,-4.0,-1.0,-4.0,-1.0,0.0
1,-4.0,-1.0,-4.0,-1.0,0.0
1,-4.0,-1.0,-4.0,-1.0,0.0
1,-4.0,-1.0,-4.0,-1.0,0.0
1,-4.0,-1.0,-4.0,-1.0,0.0
1,-4.0,-1.0,-4.0,-1.0,0.0
1,-4.0,1.0,-4.0,1.0,0.0
1,-4.0,5.0,-4.0,5.0,0.0
1,-4.0,10.0,-4.0,10.0,0.0
1,-6.0,16.0,-6.0,16.0,0.0
1,-6.0,24.0,-6.0,24.0,0.0
1,-8.0,44.0,-8.0,44.0,0.0
1,-10.0,70.0,-10.0,70.0,0.0
1,-14.0,89.0,-14.0,89.0,0.0
1,-15.0,109.0,-15.0,109.0,0.0
1,-16.0,128.0,-16.0,128.0,0.0
1,-16.0,146.0,-16.0,146.0,0.0
1,-15.0,169.0,-15.0,169.0,0.0
1,-14.0,186.0,-14.0,186.0,0.0
1,-12.0,196.0,-12.0,196.0,0.0
1,-11.0,201.0,-11.0,201.0,0.0
1,-9.0,205.0,-9.0,205.0,0.0
1,-9.0,207.0,-9.0,207.0,0.0
1,-8.0,211.0,-8.0,211.0,0.0
1,-5.0,215.0,-5.0,215.0,0.0
1,-3.0,219.0,-3.0,219.0,0.0
1,0.0,224.0,0.0,224.0,0.0
1,2.0,227.0,2.0,227.0,0.0
1,3.0,230.0,3.0,230.0,0.0
1,3.0,230.0,3.0,230.0,0.0
1,3.0,230.0,3.0,230.0,0.0
1,3.0,230.0,3.0,230.0,0.0
1,3.0,230.0,3.0,230.0,0.0
1,3.0,230.0,3.0,230.0,0.0
1,3.0,230.0,3.0,230.0,0.0
1,3.0,230.0,3.0,230.0,0.0
1,3.0,230.0,3.0,230.0,0.0
1,3.0,230.0,3.0,230.0,0.0
1,3.0,230.0,3.0,230.0,0.0
1,3.0,230.0,3.0,230.0,0.0
1,3.0,230.0,3.0,230.0,0.0
1,3.0,230.0,3.0,230.0,0.0
1,3.0,230.0,3.0,230.0,0.0
1,3.0,230.0,3.0,230.0,0.0
1,3.0,230.0,3.0,230.0,0.0
1,3.0,230.0,3.0,230.0,0.0
1,3.0,230.0,3.0,230.0,0.0
1,3.0,230.0,3.0,230.0,0.0
1,3.0,230.0,3.0,230.0,0.0
1,3.0,230.0,3.0,230.0,0.0
1,3.0,230.0,3.0,230.0,0.0
1,3.0,230.0,3.0,230.0,0.0
1,3.0,230.0,3.0,230.0,0.0
1,3.0,230.0,3.0,230.0,0.0
1,3.0,230.0,3.0,230.0,0.0
1,3.0,230.0,3.0,230.0,0.0
1,3.0,230.0,3.0,230.0,0.0
1,3.0,230.0,3.0,230.0,0.0
1,3.0,230.0,3.0,230.0,0.0
1,3.0,230.0,3.0,230.0,0.0
1,3.0,230.0,3.0,230.0,0.0
1,3.0,230.0,3.0,230.0,0.0
1,3.0,230.0,3.0,230.0,0.0
1,3.0,230.0,3.0,230.0,0.0
1,3.0,230.0,3.0,230.0,0.0
1,3.0,230.0,3.0,230.0,0.0
1,3.0,230.0,3.0,230.0,0.0
1,3.0,230.0,3.0,230.0,0.0
1,3.0,230.0,3.0,230.0,0.0
1,3.0,230.0,3.0,230.0,0.0
1,3.0,230.0,3.0,230.0,0.0
1,3.0,230.0,3.0,230.0,0.0
1,3.0,230.0,3.0,230.0,0.0
1,3.0,230.0,3.0,230.0,0.0
1,3.0,230.0,3.0,230.0,0.0
1,3.0,230.0,3.0,230.0,0.0
1,3.0,230.0,3.0,230.0,0.0
1,3.0,230.0,3.0,230.0,0.0
1,3.0,230.0,3.0,230.0,0.0
1,3.0,230.0,3.0,230.0,0.0
1,3.0,230.0,3.0,230.0,0.0
1,3.0,230.0,3.0,230.0,0.0
1,3.0,230.0,3.0,230.0,0.0
1,3.0,230.0,3.0,230.0,0.0
1,3.0,230.0,3.0,230.0,0.0
1,3.0,230.0,3.0,230.0,0.0
1,3.0,230.0,3.0,230.0,0.0
1,3.0,230.0,3.0,230.0,0.0
1,3.0,230.0,3.0,230.0,0.0
1,3.0,230.0,3.0,230.0,0.0
1,3.0,230.0,3.0,230.0,0.0
1,3.0,230.0,3.0,230.0,0.0
1,3.0,230.0,3.0,230.0,0.0
1,3.0,230.0,3.0,230.0,0.0
1,3.0,230.0,3.0,230.0,0.0
1,3.0,230.0,3.0,230.0,0.0
1,3.0,230.0,3.0,230.0,0.0
1,3.0,230.0,3.0,230.0,0.0
1,3.0,230.0,3.0,230.0,0.0
1,3.0,230.0,3.0,230.0,0.0
1,3.0,230.0,3.0,230.0,0.0
1,3.0,230.0,3.0,230.0,0.0
1,3.0,230.0,3.0,230.0,0.0
1,3.0,230.0,3.0,230.0,0.0
1,3.0,230.0,3.0,230.0,0.0
2,3.0,5.0,3.0,5.0,0.0
2,3.0,5.0,3.0,5.0,0.0
2,3.0,5.0,3.0,5.0,0.0
2,3.0,5.0,3.0,5.0,0.0
2,3.0,5.0,3.0,5.0,0.0
2,3.0,5.0,3.0,5.0,0.0
2,3.0,5.0,3.0,5.0,0.0
2,3.0,5.0,3.0,5.0,0.0
2,3.0,5.0,3.0,5.0,0.0
2,3.0,5.0,3.0,5.0,0.0
2,3.0,5.0,3.0,5.0,0.0
2,3.0,5.0,3.0,5.0,0.0
2,3.0,5.0,3.0,5.0,0.0
2,3.0,5.0,3.0,5.0,0.0
2,3.0,5.0,3.0,5.0,0.0
2,3.0,5.0,3.0,5.0,0.0
2,3.0,5.0,3.0,5.0,0.0
2,3.0,5.0,3.0,5.0,0.0
2,3.0,5.0,3.0,5.0,0.0
2,3.0,9.0,3.0,9.0,0.0
2,3.0,29.0,3.0,29.0,0.0
2,1.0,62.0,1.0,62.0,0.0
2,-3.0,93.0,-3.0,93.0,0.0
2,-7.0,127.0,-7.0,127.0,0.0
2,-8.0,154.0,-8.0,154.0,0.0
2,-8.0,174.0,-8.0,174.0,0.0
2,-8.0,188.0,-8.0,188.0,0.0
2,-8.0,195.0,-8.0,195.0,0.0
2,-8.0,199.0,-8.0,199.0,0.0
2,-8.0,201.0,-8.0,201.0,0.0
2,-8.0,203.0,-8.0,203.0,0.0
2,-8.0,203.0,-8.0,203.0,0.0
2,-8.0,203.0,-8.0,203.0,0.0
2,-8.0,203.0,-8.0,203.0,0.0
2,-8.0,203.0,-8.0,203.0,0.0
2,-8.0,203.0,-8.0,203.0,0.0
2,-8.0,203.0,-8.0,203.0,0.0
2,-8.0,203.0,-8.0,203.0,0.0
2,-8.0,203.0,-8.0,203.0,0.0
2,-8.0,203.0,-8.0,203.0,0.0
2,-8.0,203.0,-8.0,203.0,0.0
2,-8.0,203.0,-8.0,203.0,0.0
2,-8.0,203.0,-8.0,203.0,0.0
2,-8.0,203.0,-8.0,203.0,0.0
2,-8.0,203.0,-8.0,203.0,0.0
2,-8.0,203.0,-8.0,203.0,0.0
2,-8.0,203.0,-8.0,203.0,0.0
2,-8.0,203.0,-8.0,203.0,0.0
2,-8.0,203.0,-8.0,203.0,0.0
2,-8.0,203.0,-8.0,203.0,0.0
2,-8.0,203.0,-8.0,203.0,0.0
2,-8.0,203.0,-8.0,203.0,0.0
2,-8.0,203.0,-8.0,203.0,0.0
2,-8.0,206.0,-8.0,206.0,0.0
2,-8.0,206.0,-8.0,206.0,0.0
2,-8.0,206.0,-8.0,206.0,0.0
2,-8.0,206.0,-8.0,206.0,0.0
2,-8.0,206.0,-8.0,206.0,0.0
2,-8.0,206.0,-8.0,206.0,0.0
2,-8.0,206.0,-8.0,206.0,0.0
2,-8.0,206.0,-8.0,206.0,0.0
2,-8.0,206.0,-8.0,206.0,0.0
2,-8.0,206.0,-8.0,206.0,0.0
2,-8.0,206.0,-8.0,206.0,0.0
2,-8.0,206.0,-8.0,206.0,0.0
2,-8.0,206.0,-8.0,206.0,0.0
2,-8.0,206.0,-8.0,206.0,0.0
2,-8.0,206.0,-8.0,206.0,0.0
2,-8.0,206.0,-8.0,206.0,0.0
2,-8.0,206.0,-8.0,206.0,0.0
2,-8.0,206.0,-8.0,206.0,0.0
2,-8.0,206.0,-8.0,206.0,0.0
2,-8.0,206.0,-8.0,206.0,0.0
2,-8.0,206.0,-8.0,206.0,0.0
2,-8.0,206.0,-8.0,206.0,0.0
2,-8.0,206.0,-8.0,206.0,0.0
2,-8.0,206.0,-8.0,206.0,0.0
2,-8.0,206.0,-8.0,206.0,0.0
2,-8.0,206.0,-8.0,206.0,0.0
2,-8.0,206.0,-8.0,206.0,0.0
2,-8.0,206.0,-8.0,206.0,0.0
2,-8.0,206.0,-8.0,206.0,0.0
2,-8.0,206.0,-8.0,206.0,0.0
2,-8.0,206.0,-8.0,206.0,0.0
2,-8.0,206.0,-8.0,206.0,0.0
2,-8.0,206.0,-8.0,206.0,0.0
2,-8.0,206.0,-8.0,206.0,0.0
2,-8.0,206.0,-8.0,206.0,0.0
2,-8.0,206.0,-8.0,206.0,0.0
2,-8.0,206.0,-8.0,206.0,0.0
2,-8.0,206.0,-8.0,206.0,0.0
2,-8.0,206.0,-8.0,206.0,0.0
2,-8.0,206.0,-8.0,206.0,0.0
2,-8.0,206.0,-8.0,206.0,0.0
2,-8.0,206.0,-8.0,206.0,0.0
2,-8.0,206.0,-8.0,206.0,0.0
2,-8.0,206.0,-8.0,206.0,0.0
2,-8.0,206.0,-8.0,206.0,0.0
2,-8.0,206.0,-8.0,206.0,0.0
2,-8.0,206.0,-8.0,206.0,0.0
2,-8.0,206.0,-8.0,206.0,0.0
2,-8.0,206.0,-8.0,206.0,0.0
2,-8.0,206.0,-8.0,206.0,0.0
2,-8.0,206.0,-8.0,206.0,0.0
2,-8.0,206.0,-8.0,206.0,0.0
2,-8.0,206.0,-8.0,206.0,0.0
2,-8.0,206.0,-8.0,206.0,0.0
3,1.0,-1.0,1.0,-1.0,0.0
3,1.0,-1.0,1.0,-1.0,0.0
3,1.0,-1.0,1.0,-1.0,0.0
3,1.0,-1.0,1.0,-1.0,0.0
3,1.0,-1.0,1.0,-1.0,0.0
3,1.0,-1.0,1.0,-1.0,0.0
3,1.0,-1.0,1.0,-1.0,0.0
3,1.0,-1.0,1.0,-1.0,0.0
3,1.0,-1.0,1.0,-1.0,0.0
3,1.0,-1.0,1.0,-1.0,0.0
3,1.0,-1.0,1.0,-1.0,0.0
3,1.0,-1.0,1.0,-1.0,0.0
3,1.0,-1.0,1.0,-1.0,0.0
3,1.0,-1.0,1.0,-1.0,0.0
3,1.0,-1.0,1.0,-1.0,0.0
3,1.0,-1.0,1.0,-1.0,0.0
3,1.0,-1.0,1.0,-1.0,0.0
3,1.0,-1.0,1.0,-1.0,0.0
3,1.0,-1.0,1.0,-1.0,0.0
3,3.0,4.0,3.0,4.0,0.0
3,6.0,19.0,6.0,19.0,0.0
3,11.0,48.0,11.0,48.0,0.0
3,13.0,93.0,13.0,93.0,0.0
3,16.0,137.0,16.0,137.0,0.0
3,17.0,165.0,17.0,165.0,0.0
3,22.0,195.0,22.0,195.0,0.0
3,25.0,217.0,25.0,217.0,0.0
3,28.0,231.0,28.0,231.0,0.0
3,30.0,243.0,30.0,243.0,0.0
3,31.0,250.0,31.0,250.0,0.0
3,32.0,253.0,32.0,253.0,0.0
3,32.0,255.0,32.0,255.0,0.0
3,32.0,255.0,32.0,255.0,0.0
3,32.0,255.0,32.0,255.0,0.0
3,32.0,255.0,32.0,255.0,0.0
3,32.0,255.0,32.0,255.0,0.0
3,32.0,255.0,32.0,255.0,0.0
3,32.0,255.0,32.0,255.0,0.0
3,32.0,255.0,32.0,255.0,0.0
3,32.0,255.0,32.0,255.0,0.0
3,32.0,255.0,32.0,255.0,0.0
3,32.0,255.0,32.0,255.0,0.0
3,32.0,255.0,32.0,255.0,0.0
3,32.0,255.0,32.0,255.0,0.0
3,32.0,255.0,32.0,255.0,0.0
3,32.0,255.0,32.0,255.0,0.0
3,32.0,255.0,32.0,255.0,0.0
3,32.0,255.0,32.0,255.0,0.0
3,32.0,255.0,32.0,255.0,0.0
3,32.0,255.0,32.0,255.0,0.0
3,32.0,255.0,32.0,255.0,0.0
3,32.0,255.0,32.0,255.0,0.0
3,32.0,255.0,32.0,255.0,0.0
3,32.0,255.0,32.0,255.0,0.0
3,32.0,255.0,32.0,255.0,0.0
3,32.0,255.0,32.0,255.0,0.0
3,32.0,255.0,32.0,255.0,0.0
3,32.0,255.0,32.0,255.0,0.0
3,32.0,255.0,32.0,255.0,0.0
3,32.0,255.0,32.0,255.0,0.0
3,32.0,255.0,32.0,255.0,0.0
3,32.0,255.0,32.0,255.0,0.0
3,32.0,255.0,32.0,255.0,0.0
3,32.0,255.0,32.0,255.0,0.0
3,32.0,255.0,32.0,255.0,0.0
3,32.0,255.0,32.0,255.0,0.0
3,32.0,255.0,32.0,255.0,0.0
3,32.0,255.0,32.0,255.0,0.0
3,32.0,255.0,32.0,255.0,0.0
3,32.0,255.0,32.0,255.0,0.0
3,32.0,255.0,32.0,255.0,0.0
3,32.0,255.0,32.0,255.0,0.0
3,32.0,255.0,32.0,255.0,0.0
3,32.0,255.0,32.0,255.0,0.0
3,32.0,255.0,32.0,255.0,0.0
3,32.0,255.0,32.0,255.0,0.0
3,32.0,255.0,32.0,255.0,0.0
3,32.0,255.0,32.0,255.0,0.0
3,32.0,255.0,32.0,255.0,0.0
3,32.0,255.0,32.0,255.0,0.0
3,32.0,255.0,32.0,255.0,0.0
3,32.0,255.0,32.0,255.0,0.0
3,32.0,255.0,32.0,255.0,0.0
3,32.0,255.0,32.0,255.0,0.0
3,32.0,255.0,32.0,255.0,0.0
3,32.0,255.0,32.0,255.0,0.0
3,32.0,255.0,32.0,255.0,0.0
3,32.0,255.0,32.0,255.0,0.0
3,32.0,255.0,32.0,255.0,0.0
3,32.0,255.0,32.0,255.0,0.0
3,32.0,255.0,32.0,255.0,0.0
3,32.0,255.0,32.0,255.0,0.0
3,32.0,255.0,32.0,255.0,0.0
3,32.0,255.0,32.0,255.0,0.0
3,32.0,255.0,32.0,255.0,0.0
3,32.0,255.0,32.0,255.0,0.0
3,32.0,255.0,32.0,255.0,0.0
3,32.0,255.0,32.0,255.0,0.0
3,32.0,255.0,32.0,255.0,0.0
3,32.0,255.0,32.0,255.0,0.0
3,32.0,255.0,32.0,255.0,0.0
3,32.0,255.0,32.0,255.0,0.0
3,32.0,255.0,32.0,255.0,0.0
3,32.0,255.0,32.0,255.0,0.0
3,32.0,255.0,32.0,255.0,0.0
3,32.0,255.0,32.0,255.0,0.0
3,32.0,255.0,32.0,255.0,0.0
3,32.0,255.0,32.0,255.0,0.0
3,32.0,255.0,32.0,255.0,0.0
4,0.0,0.0,0.0,0.0,0.0
4,0.0,0.0,0.0,0.0,0.0
4,0.0,0.0,0.0,0.0,0.0
4,0.0,0.0,0.0,0.0,0.0
4,0.0,0.0,0.0,0.0,0.0
4,0.0,0.0,0.0,0.0,0.0
4,0.0,0.0,0.0,0.0,0.0
4,0.0,0.0,0.0,0.0,0.0
4,0.0,0.0,0.0,0.0,0.0
4,0.0,0.0,0.0,0.0,0.0
4,0.0,5.0,0.0,5.0,0.0
4,1.0,13.0,1.0,13.0,0.0
4,2.0,20.0,2.0,20.0,0.0
4,3.0,37.0,3.0,37.0,0.0
4,0.0,74.0,0.0,74.0,0.0
4,-8.0,116.0,-8.0,116.0,0.0
4,-18.0,161.0,-18.0,161.0,0.0
4,-25.0,197.0,-25.0,197.0,0.0
4,-28.0,215.0,-28.0,215.0,0.0
4,-30.0,225.0,-30.0,225.0,0.0
4,-30.0,229.0,-30.0,229.0,0.0
4,-30.0,232.0,-30.0,232.0,0.0
4,-30.0,233.0,-30.0,233.0,0.0
4,-30.0,235.0,-30.0,235.0,0.0
4,-30.0,238.0,-30.0,238.0,0.0
4,-30.0,240.0,-30.0,240.0,0.0
4,-30.0,241.0,-30.0,241.0,0.0
4,-30.0,242.0,-30.0,242.0,0.0
4,-29.0,245.0,-29.0,245.0,0.0
4,-29.0,250.0,-29.0,250.0,0.0
4,-28.0,256.0,-28.0,256.0,0.0
4,-27.0,261.0,-27.0,261.0,0.0
4,-26.0,262.0,-26.0,262.0,0.0
4,-26.0,262.0,-26.0,262.0,0.0
4,-26.0,262.0,-26.0,262.0,0.0
4,-26.0,262.0,-26.0,262.0,0.0
4,-26.0,262.0,-26.0,262.0,0.0
4,-26.0,262.0,-26.0,262.0,0.0
4,-26.0,262.0,-26.0,262.0,0.0
4,-26.0,262.0,-26.0,262.0,0.0
4,-26.0,262.0,-26.0,262.0,0.0
4,-26.0,262.0,-26.0,262.0,0.0
4,-26.0,262.0,-26.0,262.0,0.0
4,-26.0,262.0,-26.0,262.0,0.0
4,-26.0,262.0,-26.0,262.0,0.0
4,-26.0,262.0,-26.0,262.0,0.0
4,-26.0,262.0,-26.0,262.0,0.0
4,-26.0,262.0,-26.0,262.0,0.0
4,-26.0,262.0,-26.0,262.0,0.0
4,-26.0,262.0,-26.0,262.0,0.0
4,-26.0,262.0,-26.0,262.0,0.0
4,-26.0,262.0,-26.0,262.0,0.0
4,-26.0,262.0,-26.0,262.0,0.0
4,-26.0,262.0,-26.0,262.0,0.0
4,-26.0,262.0,-26.0,262.0,0.0
4,-26.0,262.0,-26.0,262.0,0.0
4,-26.0,262.0,-26.0,262.0,0.0
4,-26.0,262.0,-26.0,262.0,0.0
4,-26.0,262.0,-26.0,262.0,0.0
4,-26.0,262.0,-26.0,262.0,0.0
4,-26.0,262.0,-26.0,262.0,0.0
4,-26.0,262.0,-26.0,262.0,0.0
4,-26.0,262.0,-26.0,262.0,0.0
4,-26.0,262.0,-26.0,262.0,0.0
4,-26.0,262.0,-26.0,262.0,0.0
4,-26.0,262.0,-26.0,262.0,0.0
4,-26.0,262.0,-26.0,262.0,0.0
4,-26.0,262.0,-26.0,262.0,0.0
4,-26.0,262.0,-26.0,262.0,0.0
4,-26.0,262.0,-26.0,262.0,0.0
4,-26.0,262.0,-26.0,262.0,0.0
4,-26.0,262.0,-26.0,262.0,0.0
4,-26.0,262.0,-26.0,262.0,0.0
4,-26.0,262.0,-26.0,262.0,0.0
4,-26.0,262.0,-26.0,262.0,0.0
4,-26.0,262.0,-26.0,262.0,0.0
4,-26.0,262.0,-26.0,262.0,0.0
4,-26.0,262.0,-26.0,262.0,0.0
4,-26.0,262.0,-26.0,262.0,0.0
4,-26.0,262.0,-26.0,262.0,0.0
4,-26.0,262.0,-26.0,262.0,0.0
4,-26.0,262.0,-26.0,262.0,0.0
4,-26.0,262.0,-26.0,262.0,0.0
4,-26.0,262.0,-26.0,262.0,0.0
4,-26.0,262.0,-26.0,262.0,0.0
4,-26.0,262.0,-26.0,262.0,0.0
4,-26.0,262.0,-26.0,262.0,0.0
4,-26.0,262.0,-26.0,262.0,0.0
4,-26.0,262.0,-26.0,262.0,0.0
4,-26.0,262.0,-26.0,262.0,0.0
4,-26.0,262.0,-26.0,262.0,0.0
4,-26.0,262.0,-26.0,262.0,0.0
4,-26.0,262.0,-26.0,262.0,0.0
4,-26.0,262.0,-26.0,262.0,0.0
4,-26.0,262.0,-26.0,262.0,0.0
4,-26.0,262.0,-26.0,262.0,0.0
4,-26.0,262.0,-26.0,262.0,0.0
4,-26.0,262.0,-26.0,262.0,0.0
4,-26.0,262.0,-26.0,262.0,0.0
4,-26.0,262.0,-26.0,262.0,0.0
4,-26.0,262.0,-26.0,262.0,0.0
4,-26.0,262.0,-26.0,262.0,0.0
4,-26.0,262.0,-26.0,262.0,0.0
4,-26.0,262.0,-26.0,262.0,0.0
4,-26.0,262.0,-26.0,262.0,0.0
4,-26.0,262.0,-26.0,262.0,0.0
4,-26.0,262.0,-26.0,262.0,0.0
4,-26.0,262.0,-26.0,262.0,0.0
4,-26.0,262.0,-26.0,262.0,0.0
5,2.0,0.0,2.0,0.0,0.0
5,2.0,0.0,2.0,0.0,0.0
5,2.0,0.0,2.0,0.0,0.0
5,2.0,0.0,2.0,0.0,0.0
5,2.0,0.0,2.0,0.0,0.0
5,2.0,2.0,2.0,2.0,0.0
5,2.0,2.0,2.0,2.0,0.0
5,2.0,3.0,2.0,3.0,0.0
5,2.0,4.0,2.0,4.0,0.0
5,2.0,5.0,2.0,5.0,0.0
5,2.0,5.0,2.0,5.0,0.0
5,2.0,5.0,2.0,5.0,0.0
5,2.0,6.0,2.0,6.0,0.0
5,2.0,6.0,2.0,6.0,0.0
5,2.0,6.0,2.0,6.0,0.0
5,2.0,6.0,2.0,6.0,0.0
5,2.0,6.0,2.0,6.0,0.0
5,2.0,6.0,2.0,6.0,0.0
5,2.0,6.0,2.0,6.0,0.0
5,2.0,7.0,2.0,7.0,0.0
5,3.0,14.0,3.0,14.0,0.0
5,6.0,29.0,6.0,29.0,0.0
5,8.0,54.0,8.0,54.0,0.0
5,9.0,96.0,9.0,96.0,0.0
5,5.0,135.0,5.0,135.0,0.0
5,4.0,153.0,4.0,153.0,0.0
5,3.0,167.0,3.0,167.0,0.0
5,3.0,181.0,3.0,181.0,0.0
5,5.0,193.0,5.0,193.0,0.0
5,8.0,204.0,8.0,204.0,0.0
5,9.0,211.0,9.0,211.0,0.0
5,10.0,215.0,10.0,215.0,0.0
5,10.0,217.0,10.0,217.0,0.0
5,10.0,217.0,10.0,217.0,0.0
5,10.0,217.0,10.0,217.0,0.0
5,10.0,217.0,10.0,217.0,0.0
5,10.0,217.0,10.0,217.0,0.0
5,10.0,217.0,10.0,217.0,0.0
5,10.0,217.0,10.0,217.0,0.0
5,10.0,217.0,10.0,217.0,0.0
5,10.0,217.0,10.0,217.0,0.0
5,10.0,217.0,10.0,217.0,0.0
5,10.0,217.0,10.0,217.0,0.0
5,10.0,217.0,10.0,217.0,0.0
5,10.0,217.0,10.0,217.0,0.0
5,10.0,217.0,10.0,217.0,0.0
5,10.0,217.0,10.0,217.0,0.0
5,10.0,217.0,10.0,217.0,0.0
5,10.0,217.0,10.0,217.0,0.0
5,10.0,217.0,10.0,217.0,0.0
5,10.0,217.0,10.0,217.0,0.0
5,10.0,217.0,10.0,217.0,0.0
5,10.0,217.0,10.0,217.0,0.0
5,10.0,217.0,10.0,217.0,0.0
5,10.0,217.0,10.0,217.0,0.0
5,10.0,217.0,10.0,217.0,0.0
5,10.0,217.0,10.0,217.0,0.0
5,10.0,217.0,10.0,217.0,0.0
5,10.0,217.0,10.0,217.0,0.0
5,10.0,217.0,10.0,217.0,0.0
5,10.0,217.0,10.0,217.0,0.0
5,10.0,217.0,10.0,217.0,0.0
5,10.0,217.0,10.0,217.0,0.0
5,10.0,217.0,10.0,217.0,0.0
5,10.0,217.0,10.0,217.0,0.0
5,10.0,217.0,10.0,217.0,0.0
5,10.0,217.0,10.0,217.0,0.0
5,10.0,217.0,10.0,217.0,0.0
5,10.0,217.0,10.0,217.0,0.0
5,10.0,217.0,10.0,217.0,0.0
5,10.0,217.0,10.0,217.0,0.0
5,10.0,217.0,10.0,217.0,0.0
5,10.0,217.0,10.0,217.0,0.0
5,10.0,217.0,10.0,217.0,0.0
5,10.0,217.0,10.0,217.0,0.0
5,10.0,217.0,10.0,217.0,0.0
5,10.0,217.0,10.0,217.0,0.0
5,10.0,217.0,10.0,217.0,0.0
5,10.0,217.0,10.0,217.0,0.0
5,10.0,217.0,10.0,217.0,0.0
5,10.0,217.0,10.0,217.0,0.0
5,10.0,217.0,10.0,217.0,0.0
5,10.0,217.0,10.0,217.0,0.0
5,10.0,217.0,10.0,217.0,0.0
5,10.0,217.0,10.0,217.0,0.0
5,10.0,217.0,10.0,217.0,0.0
5,10.0,217.0,10.0,217.0,0.0
5,10.0,217.0,10.0,217.0,0.0
5,10.0,217.0,10.0,217.0,0.0
5,10.0,217.0,10.0,217.0,0.0
5,10.0,217.0,10.0,217.0,0.0
5,10.0,217.0,10.0,217.0,0.0
5,10.0,217.0,10.0,217.0,0.0
5,10.0,217.0,10.0,217.0,0.0
5,10.0,217.0,10.0,217.0,0.0
5,10.0,217.0,10.0,217.0,0.0
5,10.0,217.0,10.0,217.0,0.0
5,10.0,217.0,10.0,217.0,0.0
5,10.0,217.0,10.0,217.0,0.0
5,10.0,217.0,10.0,217.0,0.0
5,10.0,217.0,10.0,217.0,0.0
5,10.0,217.0,10.0,217.0,0.0
5,10.0,217.0,10.0,217.0,0.0
5,10.0,217.0,10.0,217.0,0.0
5,10.0,217.0,10.0,217.0,0.0
5,10.0,217.0,10.0,217.0,0.0
5,10.0,217.0,10.0,217.0,0.0
5,10.0,217.0,10.0,217.0,0.0
5,10.0,217.0,10.0,217.0,0.0
6,-2.0,-1.0,-0.7071067811865476,-2.121320343559643,0.7853981633974483
6,-2.0,-1.0,-0.7071067811865476,-2.121320343559643,0.7853981633974483
6,-2.0,-1.0,-0.7071067811865476,-2.121320343559643,0.7853981633974483
6,-2.0,-1.0,-0.7071067811865476,-2.121320343559643,0.7853981633974483
6,-2.0,-1.0,-0.7071067811865476,-2.121320343559643,0.7853981633974483
6,-2.0,-1.0,-0.7071067811865476,-2.121320343559643,0.7853981633974483
6,-2.0,-1.0,-0.7071067811865476,-2.121320343559643,0.7853981633974483
6,-2.0,-1.0,-0.7071067811865476,-2.121320343559643,0.7853981633974483
6,-2.0,-1.0,-0.7071067811865476,-2.121320343559643,0.7853981633974483
6,-2.0,-1.0,-0.7071067811865476,-2.121320343559643,0.7853981633974483
6,-2.0,-1.0,-0.7071067811865476,-2.121320343559643,0.7853981633974483
6,-2.0,-1.0,-0.7071067811865476,-2.121320343559643,0.7853981633974483
6,-2.0,-1.0,-0.7071067811865476,-2.121320343559643,0.7853981633974483
6,-2.0,-1.0,-0.7071067811865476,-2.121320343559643,0.7853981633974483
6,-2.0,-1.0,-0.7071067811865476,-2.121320343559643,0.7853981633974483
6,-2.0,-1.0,-0.7071067811865476,-2.121320343559643,0.7853981633974483
6,-2.0,-1.0,-0.7071067811865476,-2.121320343559643,0.7853981633974483
6,-2.0,-1.0,-0.7071067811865476,-2.121320343559643,0.7853981633974483
6,-2.0,-1.0,-0.7071067811865476,-2.121320343559643,0.7853981633974483
6,-2.0,-1.0,-0.7071067811865476,-2.121320343559643,0.7853981633974483
6,-2.0,2.0,-2.8284271247461903,0.0,0.7853981633974483
6,3.0,27.0,-16.970562748477143,21.213203435596427,0.7853981633974483
6,10.0,82.0,-50.91168824543143,65.05382386916239,0.7853981633974483
6,16.0,146.0,-91.92388155425118,114.55129855222071,0.7853981633974483
6,21.0,188.0,-118.08683245815345,147.78531726798846,0.7853981633974483
6,25.0,212.0,-132.2289680818844,167.58430714121178,0.7853981633974483
6,27.0,223.0,-138.59292911256333,176.77669529663692,0.7853981633974483
6,28.0,224.0,-138.59292911256333,178.19090885900997,0.7853981633974483
6,28.0,225.0,-139.30003589374988,178.89801564019652,0.7853981633974483
6,28.0,225.0,-139.30003589374988,178.89801564019652,0.7853981633974483
6,28.0,225.0,-139.30003589374988,178.89801564019652,0.7853981633974483
6,28.0,225.0,-139.30003589374988,178.89801564019652,0.7853981633974483
6,28.0,225.0,-139.30003589374988,178.89801564019652,0.7853981633974483
6,28.0,225.0,-139.30003589374988,178.89801564019652,0.7853981633974483
6,28.0,225.0,-139.30003589374988,178.89801564019652,0.7853981633974483
6,28.0,225.0,-139.30003589374988,178.89801564019652,0.7853981633974483
6,28.0,225.0,-139.30003589374988,178.89801564019652,0.7853981633974483
6,28.0,225.0,-139.30003589374988,178.89801564019652,0.7853981633974483
6,28.0,225.0,-139.30003589374988,178.89801564019652,0.7853981633974483
6,28.0,225.0,-139.30003589374988,178.89801564019652,0.7853981633974483
6,28.0,225.0,-139.30003589374988,178.89801564019652,0.7853981633974483
6,28.0,225.0,-139.30003589374988,178.89801564019652,0.7853981633974483
6,28.0,225.0,-139.30003589374988,178.89801564019652,0.7853981633974483
6,28.0,225.0,-139.30003589374988,178.89801564019652,0.7853981633974483
6,28.0,225.0,-139.30003589374988,178.89801564019652,0.7853981633974483
6,28.0,225.0,-139.30003589374988,178.89801564019652,0.7853981633974483
6,28.0,225.0,-139.30003589374988,178.89801564019652,0.7853981633974483
6,28.0,225.0,-139.30003589374988,178.89801564019652,0.7853981633974483
6,28.0,225.0,-139.30003589374988,178.89801564019652,0.7853981633974483
6,28.0,225.0,-139.30003589374988,178.89801564019652,0.7853981633974483
6,28.0,225.0,-139.30003589374988,178.89801564019652,0.7853981633974483
6,28.0,225.0,-139.30003589374988,178.89801564019652,0.7853981633974483
6,28.0,225.0,-139.30003589374988,178.89801564019652,0.7853981633974483
6,28.0,225.0,-139.30003589374988,178.89801564019652,0.7853981633974483
6,28.0,225.0,-139.30003589374988,178.89801564019652,0.7853981633974483
6,28.0,225.0,-139.30003589374988,178.89801564019652,0.7853981633974483
6,28.0,225.0,-139.30003589374988,178.89801564019652,0.7853981633974483
6,28.0,225.0,-139.30003589374988,178.89801564019652,0.7853981633974483
6,28.0,225.0,-139.30003589374988,178.89801564019652,0.7853981633974483
6,28.0,225.0,-139.30003589374988,178.89801564019652,0.7853981633974483
6,28.0,225.0,-139.30003589374988,178.89801564019652,0.7853981633974483
6,28.0,225.0,-139.30003589374988,178.89801564019652,0.7853981633974483
6,28.0,225.0,-139.30003589374988,178.89801564019652,0.7853981633974483
6,28.0,225.0,-139.30003589374988,178.89801564019652,0.7853981633974483
6,28.0,225.0,-139.30003589374988,178.89801564019652,0.7853981633974483
6,28.0,225.0,-139.30003589374988,178.89801564019652,0.7853981633974483
6,28.0,225.0,-139.30003589374988,178.89801564019652,0.7853981633974483
6,28.0,225.0,-139.30003589374988,178.89801564019652,0.7853981633974483
6,28.0,225.0,-139.30003589374988,178.89801564019652,0.7853981633974483
6,28.0,225.0,-139.30003589374988,178.89801564019652,0.7853981633974483
6,28.0,225.0,-139.30003589374988,178.89801564019652,0.7853981633974483
6,28.0,225.0,-139.30003589374988,178.89801564019652,0.7853981633974483
6,28.0,225.0,-139.30003589374988,178.89801564019652,0.7853981633974483
6,28.0,225.0,-139.30003589374988,178.89801564019652,0.7853981633974483
6,28.0,225.0,-139.30003589374988,178.89801564019652,0.7853981633974483
6,28.0,225.0,-139.30003589374988,178.89801564019652,0.7853981633974483
6,28.0,225.0,-139.30003589374988,178.89801564019652,0.7853981633974483
6,28.0,225.0,-139.30003589374988,178.89801564019652,0.7853981633974483
6,28.0,225.0,-139.30003589374988,178.89801564019652,0.7853981633974483
6,28.0,225.0,-139.30003589374988,178.89801564019652,0.7853981633974483
6,28.0,225.0,-139.30003589374988,178.89801564019652,0.7853981633974483
6,28.0,225.0,-139.30003589374988,178.89801564019652,0.7853981633974483
6,28.0,225.0,-139.30003589374988,178.89801564019652,0.7853981633974483
6,28.0,225.0,-139.30003589374988,178.89801564019652,0.7853981633974483
6,28.0,225.0,-139.30003589374988,178.89801564019652,0.7853981633974483
6,28.0,225.0,-139.30003589374988,178.89801564019652,0.7853981633974483
6,28.0,225.0,-139.30003589374988,178.89801564019652,0.7853981633974483
6,28.0,225.0,-139.30003589374988,178.89801564019652,0.7853981633974483
6,28.0,225.0,-139.30003589374988,178.89801564019652,0.7853981633974483
6,28.0,225.0,-139.30003589374988,178.89801564019652,0.7853981633974483
6,28.0,225.0,-139.30003589374988,178.89801564019652,0.7853981633974483
6,28.0,225.0,-139.30003589374988,178.89801564019652,0.7853981633974483
6,28.0,225.0,-139.30003589374988,178.89801564019652,0.7853981633974483
6,28.0,225.0,-139.30003589374988,178.89801564019652,0.7853981633974483
6,28.0,225.0,-139.30003589374988,178.89801564019652,0.7853981633974483
6,28.0,225.0,-139.30003589374988,178.89801564019652,0.7853981633974483
6,28.0,225.0,-139.30003589374988,178.89801564019652,0.7853981633974483
6,28.0,225.0,-139.30003589374988,178.89801564019652,0.7853981633974483
6,28.0,225.0,-139.30003589374988,178.89801564019652,0.7853981633974483
6,28.0,225.0,-139.30003589374988,178.89801564019652,0.7853981633974483
6,28.0,225.0,-139.30003589374988,178.89801564019652,0.7853981633974483
6,28.0,225.0,-139.30003589374988,178.89801564019652,0.7853981633974483
6,28.0,225.0,-139.30003589374988,178.89801564019652,0.7853981633974483
6,28.0,225.0,-139.30003589374988,178.89801564019652,0.7853981633974483
6,28.0,225.0,-139.30003589374988,178.89801564019652,0.7853981633974483
7,3.0,-1.0,2.8284271247461903,1.4142135623730954,0.7853981633974483
7,3.0,-1.0,2.8284271247461903,1.4142135623730954,0.7853981633974483
7,3.0,-1.0,2.8284271247461903,1.4142135623730954,0.7853981633974483
7,3.0,-1.0,2.8284271247461903,1.4142135623730954,0.7853981633974483
7,3.0,-1.0,2.8284271247461903,1.4142135623730954,0.7853981633974483
7,3.0,-1.0,2.8284271247461903,1.4142135623730954,0.7853981633974483
7,3.0,-1.0,2.8284271247461903,1.4142135623730954,0.7853981633974483
7,3.0,-1.0,2.8284271247461903,1.4142135623730954,0.7853981633974483
7,3.0,-1.0,2.8284271247461903,1.4142135623730954,0.7853981633974483
7,3.0,-1.0,2.8284271247461903,1.4142135623730954,0.7853981633974483
7,3.0,-1.0,2.8284271247461903,1.4142135623730954,0.7853981633974483
7,3.0,-1.0,2.8284271247461903,1.4142135623730954,0.7853981633974483
7,3.0,-1.0,2.8284271247461903,1.4142135623730954,0.7853981633974483
7,3.0,-1.0,2.8284271247461903,1.4142135623730954,0.7853981633974483
7,3.0,-1.0,2.8284271247461903,1.4142135623730954,0.7853981633974483
7,3.0,-1.0,2.8284271247461903,1.4142135623730954,0.7853981633974483
7,3.0,-1.0,2.8284271247461903,1.4142135623730954,0.7853981633974483
7,3.0,-1.0,2.8284271247461903,1.4142135623730954,0.7853981633974483
7,3.0,-1.0,2.8284271247461903,1.4142135623730954,0.7853981633974483
7,3.0,-1.0,2.8284271247461903,1.4142135623730954,0.7853981633974483
7,3.0,-1.0,2.8284271247461903,1.4142135623730954,0.7853981633974483
7,3.0,-1.0,2.8284271247461903,1.4142135623730954,0.7853981633974483
7,3.0,-1.0,2.8284271247461903,1.4142135623730954,0.7853981633974483
7,3.0,-1.0,2.8284271247461903,1.4142135623730954,0.7853981633974483
7,3.0,-1.0,2.8284271247461903,1.4142135623730954,0.7853981633974483
7,3.0,-1.0,2.8284271247461903,1.4142135623730954,0.7853981633974483
7,3.0,-1.0,2.8284271247461903,1.4142135623730954,0.7853981633974483
7,3.0,-1.0,2.8284271247461903,1.4142135623730954,0.7853981633974483
7,3.0,-1.0,2.8284271247461903,1.4142135623730954,0.7853981633974483
7,3.0,0.0,2.121320343559643,2.121320343559643,0.7853981633974483
7,6.0,9.0,-2.121320343559643,10.606601717798213,0.7853981633974483
7,14.0,20.0,-4.242640687119286,24.041630560342618,0.7853981633974483
7,25.0,33.0,-5.65685424949238,41.01219330881976,0.7853981633974483
7,37.0,47.0,-7.071067811865479,59.39696961967,0.7853981633974483
7,53.0,64.0,-7.778174593052022,82.73149339882607,0.7853981633974483
7,78.0,88.0,-7.0710678118654755,117.3797256769669,0.7853981633974483
7,106.0,113.0,-4.94974746830583,154.8563850798539,0.7853981633974483
7,127.0,132.0,-3.5355339059327378,183.1406563273158,0.7853981633974483
7,150.0,155.0,-3.5355339059327378,215.667568261897,0.7853981633974483
7,167.0,173.0,-4.242640687119291,240.41630560342617,0.7853981633974483
7,176.0,181.0,-3.5355339059327378,252.4371208835975,0.7853981633974483
7,181.0,186.0,-3.5355339059327378,259.508188695463,0.7853981633974483
7,182.0,186.0,-2.8284271247461845,260.21529547664954,0.7853981633974483
7,182.0,186.0,-2.8284271247461845,260.21529547664954,0.7853981633974483
7,182.0,186.0,-2.8284271247461845,260.21529547664954,0.7853981633974483
7,182.0,186.0,-2.8284271247461845,260.21529547664954,0.7853981633974483
7,182.0,186.0,-2.8284271247461845,260.21529547664954,0.7853981633974483
7,182.0,186.0,-2.8284271247461845,260.21529547664954,0.7853981633974483
7,182.0,186.0,-2.8284271247461845,260.21529547664954,0.7853981633974483
7,182.0,186.0,-2.8284271247461845,260.21529547664954,0.7853981633974483
7,182.0,186.0,-2.8284271247461845,260.21529547664954,0.7853981633974483
7,182.0,186.0,-2.8284271247461845,260.21529547664954,0.7853981633974483
7,182.0,186.0,-2.8284271247461845,260.21529547664954,0.7853981633974483
7,182.0,186.0,-2.8284271247461845,260.21529547664954,0.7853981633974483
7,182.0,186.0,-2.8284271247461845,260.21529547664954,0.7853981633974483
7,182.0,186.0,-2.8284271247461845,260.21529547664954,0.7853981633974483
7,182.0,186.0,-2.8284271247461845,260.21529547664954,0.7853981633974483
7,182.0,186.0,-2.8284271247461845,260.21529547664954,0.7853981633974483
7,182.0,186.0,-2.8284271247461845,260.21529547664954,0.7853981633974483
7,182.0,186.0,-2.8284271247461845,260.21529547664954,0.7853981633974483
7,182.0,186.0,-2.8284271247461845,260.21529547664954,0.7853981633974483
7,182.0,186.0,-2.8284271247461845,260.21529547664954,0.7853981633974483
7,182.0,186.0,-2.8284271247461845,260.21529547664954,0.7853981633974483
7,182.0,186.0,-2.8284271247461845,260.21529547664954,0.7853981633974483
7,182.0,186.0,-2.8284271247461845,260.21529547664954,0.7853981633974483
7,182.0,186.0,-2.8284271247461845,260.21529547664954,0.7853981633974483
7,182.0,186.0,-2.8284271247461845,260.21529547664954,0.7853981633974483
7,182.0,186.0,-2.8284271247461845,260.21529547664954,0.7853981633974483
7,182.0,186.0,-2.8284271247461845,260.21529547664954,0.7853981633974483
7,182.0,186.0,-2.8284271247461845,260.21529547664954,0.7853981633974483
7,182.0,186.0,-2.8284271247461845,260.21529547664954,0.7853981633974483
7,182.0,186.0,-2.8284271247461845,260.21529547664954,0.7853981633974483
7,182.0,186.0,-2.8284271247461845,260.21529547664954,0.7853981633974483
7,182.0,186.0,-2.8284271247461845,260.21529547664954,0.7853981633974483
7,182.0,186.0,-2.8284271247461845,260.21529547664954,0.7853981633974483
7,182.0,186.0,-2.8284271247461845,260.21529547664954,0.7853981633974483
7,182.0,186.0,-2.8284271247461845,260.21529547664954,0.7853981633974483
7,182.0,186.0,-2.8284271247461845,260.21529547664954,0.7853981633974483
7,182.0,186.0,-2.8284271247461845,260.21529547664954,0.7853981633974483
7,182.0,186.0,-2.8284271247461845,260.21529547664954,0.7853981633974483
7,182.0,186.0,-2.8284271247461845,260.21529547664954,0.7853981633974483
7,182.0,186.0,-2.8284271247461845,260.21529547664954,0.7853981633974483
7,182.0,186.0,-2.8284271247461845,260.21529547664954,0.7853981633974483
7,182.0,186.0,-2.8284271247461845,260.21529547664954,0.7853981633974483
7,182.0,186.0,-2.8284271247461845,260.21529547664954,0.7853981633974483
7,182.0,186.0,-2.8284271247461845,260.21529547664954,0.7853981633974483
7,182.0,186.0,-2.8284271247461845,260.21529547664954,0.7853981633974483
7,182.0,186.0,-2.8284271247461845,260.21529547664954,0.7853981633974483
7,182.0,186.0,-2.8284271247461845,260.21529547664954,0.7853981633974483
7,182.0,186.0,-2.8284271247461845,260.21529547664954,0.7853981633974483
7,182.0,186.0,-2.8284271247461845,260.21529547664954,0.7853981633974483
7,182.0,186.0,-2.8284271247461845,260.21529547664954,0.7853981633974483
7,182.0,186.0,-2.8284271247461845,260.21529547664954,0.7853981633974483
7,182.0,186.0,-2.8284271247461845,260.21529547664954,0.7853981633974483
7,182.0,186.0,-2.8284271247461845,260.21529547664954,0.7853981633974483
7,182.0,186.0,-2.8284271247461845,260.21529547664954,0.7853981633974483
7,182.0,186.0,-2.8284271247461845,260.21529547664954,0.7853981633974483
7,182.0,186.0,-2.8284271247461845,260.21529547664954,0.7853981633974483
7,182.0,186.0,-2.8284271247461845,260.21529547664954,0.7853981633974483
7,182.0,186.0,-2.8284271247461845,260.21529547664954,0.7853981633974483
7,182.0,186.0,-2.8284271247461845,260.21529547664954,0.7853981633974483
7,182.0,186.0,-2.8284271247461845,260.21529547664954,0.7853981633974483
7,182.0,186.0,-2.8284271247461845,260.21529547664954,0.7853981633974483
7,182.0,186.0,-2.8284271247461845,260.21529547664954,0.7853981633974483
7,182.0,186.0,-2.8284271247461845,260.21529547664954,0.7853981633974483
7,182.0,186.0,-2.8284271247461845,260.21529547664954,0.7853981633974483
7,182.0,186.0,-2.8284271247461845,260.21529547664954,0.7853981633974483
7,182.0,186.0,-2.8284271247461845,260.21529547664954,0.7853981633974483
7,182.0,186.0,-2.8284271247461845,260.21529547664954,0.7853981633974483
7,182.0,186.0,-2.8284271247461845,260.21529547664954,0.7853981633974483
7,182.0,186.0,-2.8284271247461845,260.21529547664954,0.7853981633974483
7,182.0,186.0,-2.8284271247461845,260.21529547664954,0.7853981633974483
7,182.0,186.0,-2.8284271247461845,260.21529547664954,0.7853981633974483
7,182.0,186.0,-2.8284271247461845,260.21529547664954,0.7853981633974483
7,182.0,186.0,-2.8284271247461845,260.21529547664954,0.7853981633974483
7,182.0,186.0,-2.8284271247461845,260.21529547664954,0.7853981633974483
7,182.0,186.0,-2.8284271247461845,260.21529547664954,0.7853981633974483
7,182.0,186.0,-2.8284271247461845,260.21529547664954,0.7853981633974483
7,182.0,186.0,-2.8284271247461845,260.21529547664954,0.7853981633974483
8,1.0,0.0,0.7071067811865476,0.7071067811865476,0.7853981633974483
8,1.0,0.0,0.7071067811865476,0.7071067811865476,0.7853981633974483
8,1.0,0.0,0.7071067811865476,0.7071067811865476,0.7853981633974483
8,1.0,0.0,0.7071067811865476,0.7071067811865476,0.7853981633974483
8,1.0,0.0,0.7071067811865476,0.7071067811865476,0.7853981633974483
8,1.0,0.0,0.7071067811865476,0.7071067811865476,0.7853981633974483
8,1.0,0.0,0.7071067811865476,0.7071067811865476,0.7853981633974483
8,1.0,0.0,0.7071067811865476,0.7071067811865476,0.7853981633974483
8,1.0,0.0,0.7071067811865476,0.7071067811865476,0.7853981633974483
8,1.0,0.0,0.7071067811865476,0.7071067811865476,0.7853981633974483
8,1.0,0.0,0.7071067811865476,0.7071067811865476,0.7853981633974483
8,1.0,0.0,0.7071067811865476,0.7071067811865476,0.7853981633974483
8,1.0,0.0,0.7071067811865476,0.7071067811865476,0.7853981633974483
8,1.0,0.0,0.7071067811865476,0.7071067811865476,0.7853981633974483
8,1.0,0.0,0.7071067811865476,0.7071067811865476,0.7853981633974483
8,1.0,0.0,0.7071067811865476,0.7071067811865476,0.7853981633974483
8,1.0,0.0,0.7071067811865476,0.7071067811865476,0.7853981633974483
8,1.0,0.0,0.7071067811865476,0.7071067811865476,0.7853981633974483
8,1.0,0.0,0.7071067811865476,0.7071067811865476,0.7853981633974483
8,1.0,0.0,0.7071067811865476,0.7071067811865476,0.7853981633974483
8,1.0,0.0,0.7071067811865476,0.7071067811865476,0.7853981633974483
8,1.0,0.0,0.7071067811865476,0.7071067811865476,0.7853981633974483
8,5.0,6.0,-0.7071067811865479,7.778174593052023,0.7853981633974483
8,17.0,28.0,-7.778174593052022,31.81980515339464,0.7853981633974483
8,31.0,57.0,-18.38477631085024,62.22539674441619,0.7853981633974483
8,51.0,94.0,-30.405591591021555,102.5304832720494,0.7853981633974483
8,73.0,122.0,-34.648232278140824,137.88582233137677,0.7853981633974483
8,89.0,136.0,-33.23401871576774,159.0990257669732,0.7853981633974483
8,108.0,149.0,-28.991378028648455,181.72644276494273,0.7853981633974483
8,125.0,161.0,-25.455844122715718,202.2325394193526,0.7853981633974483
8,136.0,171.0,-24.748737341529164,217.0817818242701,0.7853981633974483
8,146.0,182.0,-25.455844122715718,231.9310242291876,0.7853981633974483
8,152.0,191.0,-27.577164466275363,242.53762594698583,0.7853981633974483
8,154.0,194.0,-28.284271247461888,246.07315985291854,0.7853981633974483
8,154.0,194.0,-28.284271247461888,246.07315985291854,0.7853981633974483
8,154.0,194.0,-28.284271247461888,246.07315985291854,0.7853981633974483
8,154.0,194.0,-28.284271247461888,246.07315985291854,0.7853981633974483
8,154.0,194.0,-28.284271247461888,246.07315985291854,0.7853981633974483
8,154.0,194.0,-28.284271247461888,246.07315985291854,0.7853981633974483
8,154.0,194.0,-28.284271247461888,246.07315985291854,0.7853981633974483
8,154.0,194.0,-28.284271247461888,246.07315985291854,0.7853981633974483
8,154.0,194.0,-28.284271247461888,246.07315985291854,0.7853981633974483
8,154.0,194.0,-28.284271247461888,246.07315985291854,0.7853981633974483
8,154.0,194.0,-28.284271247461888,246.07315985291854,0.7853981633974483
8,154.0,194.0,-28.284271247461888,246.07315985291854,0.7853981633974483
8,154.0,194.0,-28.284271247461888,246.07315985291854,0.7853981633974483
8,154.0,194.0,-28.284271247461888,246.07315985291854,0.7853981633974483
8,154.0,194.0,-28.284271247461888,246.07315985291854,0.7853981633974483
8,154.0,194.0,-28.284271247461888,246.07315985291854,0.7853981633974483
8,154.0,194.0,-28.284271247461888,246.07315985291854,0.7853981633974483
8,154.0,194.0,-28.284271247461888,246.07315985291854,0.7853981633974483
8,154.0,194.0,-28.284271247461888,246.07315985291854,0.7853981633974483
8,154.0,194.0,-28.284271247461888,246.07315985291854,0.7853981633974483
8,154.0,194.0,-28.284271247461888,246.07315985291854,0.7853981633974483
8,154.0,194.0,-28.284271247461888,246.07315985291854,0.7853981633974483
8,154.0,194.0,-28.284271247461888,246.07315985291854,0.7853981633974483
8,154.0,194.0,-28.284271247461888,246.07315985291854,0.7853981633974483
8,154.0,194.0,-28.284271247461888,246.07315985291854,0.7853981633974483
8,154.0,194.0,-28.284271247461888,246.07315985291854,0.7853981633974483
8,154.0,194.0,-28.284271247461888,246.07315985291854,0.7853981633974483
8,154.0,194.0,-28.284271247461888,246.07315985291854,0.7853981633974483
8,154.0,194.0,-28.284271247461888,246.07315985291854,0.7853981633974483
8,154.0,194.0,-28.284271247461888,246.07315985291854,0.7853981633974483
8,154.0,194.0,-28.284271247461888,246.07315985291854,0.7853981633974483
8,154.0,194.0,-28.284271247461888,246.07315985291854,0.7853981633974483
8,154.0,194.0,-28.284271247461888,246.07315985291854,0.7853981633974483
8,154.0,194.0,-28.284271247461888,246.07315985291854,0.7853981633974483
8,154.0,194.0,-28.284271247461888,246.07315985291854,0.7853981633974483
8,154.0,194.0,-28.284271247461888,246.07315985291854,0.7853981633974483
8,154.0,194.0,-28.284271247461888,246.07315985291854,0.7853981633974483
8,154.0,194.0,-28.284271247461888,246.07315985291854,0.7853981633974483
8,154.0,194.0,-28.284271247461888,246.07315985291854,0.7853981633974483
8,154.0,194.0,-28.284271247461888,246.07315985291854,0.7853981633974483
8,154.0,194.0,-28.284271247461888,246.07315985291854,0.7853981633974483
8,154.0,194.0,-28.284271247461888,246.07315985291854,0.7853981633974483
8,154.0,194.0,-28.284271247461888,246.07315985291854,0.7853981633974483
8,154.0,194.0,-28.284271247461888,246.07315985291854,0.7853981633974483
8,154.0,194.0,-28.284271247461888,246.07315985291854,0.7853981633974483
8,154.0,194.0,-28.284271247461888,246.07315985291854,0.7853981633974483
8,154.0,194.0,-28.284271247461888,246.07315985291854,0.7853981633974483
8,154.0,194.0,-28.284271247461888,246.07315985291854,0.7853981633974483
8,154.0,194.0,-28.284271247461888,246.07315985291854,0.7853981633974483
8,154.0,194.0,-28.284271247461888,246.07315985291854,0.7853981633974483
8,154.0,194.0,-28.284271247461888,246.07315985291854,0.7853981633974483
8,154.0,194.0,-28.284271247461888,246.07315985291854,0.7853981633974483
8,154.0,194.0,-28.284271247461888,246.07315985291854,0.7853981633974483
8,154.0,194.0,-28.284271247461888,246.07315985291854,0.7853981633974483
8,154.0,194.0,-28.284271247461888,246.07315985291854,0.7853981633974483
8,154.0,194.0,-28.284271247461888,246.07315985291854,0.7853981633974483
8,154.0,194.0,-28.284271247461888,246.07315985291854,0.7853981633974483
8,154.0,194.0,-28.284271247461888,246.07315985291854,0.7853981633974483
8,154.0,194.0,-28.284271247461888,246.07315985291854,0.7853981633974483
8,154.0,194.0,-28.284271247461888,246.07315985291854,0.7853981633974483
8,154.0,194.0,-28.284271247461888,246.07315985291854,0.7853981633974483
8,154.0,194.0,-28.284271247461888,246.07315985291854,0.7853981633974483
8,154.0,194.0,-28.284271247461888,246.07315985291854,0.7853981633974483
8,154.0,194.0,-28.284271247461888,246.07315985291854,0.7853981633974483
8,154.0,194.0,-28.284271247461888,246.07315985291854,0.7853981633974483
8,154.0,194.0,-28.284271247461888,246.07315985291854,0.7853981633974483
8,154.0,194.0,-28.284271247461888,246.07315985291854,0.7853981633974483
8,154.0,194.0,-28.284271247461888,246.07315985291854,0.7853981633974483
8,154.0,194.0,-28.284271247461888,246.07315985291854,0.7853981633974483
8,154.0,194.0,-28.284271247461888,246.07315985291854,0.7853981633974483
8,154.0,194.0,-28.284271247461888,246.07315985291854,0.7853981633974483
8,154.0,194.0,-28.284271247461888,246.07315985291854,0.7853981633974483
8,154.0,194.0,-28.284271247461888,246.07315985291854,0.7853981633974483
8,154.0,194.0,-28.284271247461888,246.07315985291854,0.7853981633974483
8,154.0,194.0,-28.284271247461888,246.07315985291854,0.7853981633974483
8,154.0,194.0,-28.284271247461888,246.07315985291854,0.7853981633974483
8,154.0,194.0,-28.284271247461888,246.07315985291854,0.7853981633974483
9,-1.0,-2.0,0.7071067811865476,-2.121320343559643,0.7853981633974483
9,-1.0,-2.0,0.7071067811865476,-2.121320343559643,0.7853981633974483
9,-1.0,-2.0,0.7071067811865476,-2.121320343559643,0.7853981633974483
9,-1.0,-2.0,0.7071067811865476,-2.121320343559643,0.7853981633974483
9,-1.0,0.0,-0.7071067811865476,-0.7071067811865476,0.7853981633974483
9,0.0,1.0,-0.7071067811865476,0.7071067811865476,0.7853981633974483
9,2.0,3.0,-0.7071067811865477,3.5355339059327378,0.7853981633974483
9,4.0,4.0,0.0,5.656854249492381,0.7853981633974483
9,6.0,8.0,-1.414213562373095,9.899494936611667,0.7853981633974483
9,11.0,13.0,-1.4142135623730958,16.970562748477143,0.7853981633974483
9,16.0,19.0,-2.121320343559642,24.748737341529164,0.7853981633974483
9,23.0,27.0,-2.8284271247461916,35.35533905932738,0.7853981633974483
9,35.0,37.0,-1.4142135623730958,50.91168824543142,0.7853981633974483
9,47.0,49.0,-1.4142135623730923,67.88225099390857,0.7853981633974483
9,63.0,65.0,-1.4142135623730923,90.50966799187809,0.7853981633974483
9,82.0,85.0,-2.1213203435596384,118.08683245815345,0.7853981633974483
9,105.0,107.0,-1.4142135623730923,149.9066376115481,0.7853981633974483
9,122.0,123.0,-0.7071067811865532,173.24116139070415,0.7853981633974483
9,136.0,134.0,1.4142135623730923,190.91883092036784,0.7853981633974483
9,142.0,139.0,2.1213203435596313,198.69700551341987,0.7853981633974483
9,143.0,140.0,2.1213203435596455,200.11121907579297,0.7853981633974483
9,143.0,140.0,2.1213203435596455,200.11121907579297,0.7853981633974483
9,143.0,140.0,2.1213203435596455,200.11121907579297,0.7853981633974483
9,143.0,140.0,2.1213203435596455,200.11121907579297,0.7853981633974483
9,143.0,140.0,2.1213203435596455,200.11121907579297,0.7853981633974483
9,143.0,140.0,2.1213203435596455,200.11121907579297,0.7853981633974483
9,143.0,140.0,2.1213203435596455,200.11121907579297,0.7853981633974483
9,143.0,140.0,2.1213203435596455,200.11121907579297,0.7853981633974483
9,143.0,140.0,2.1213203435596455,200.11121907579297,0.7853981633974483
9,143.0,140.0,2.1213203435596455,200.11121907579297,0.7853981633974483
9,143.0,140.0,2.1213203435596455,200.11121907579297,0.7853981633974483
9,143.0,140.0,2.1213203435596455,200.11121907579297,0.7853981633974483
9,143.0,140.0,2.1213203435596455,200.11121907579297,0.7853981633974483
9,143.0,140.0,2.1213203435596455,200.11121907579297,0.7853981633974483
9,143.0,140.0,2.1213203435596455,200.11121907579297,0.7853981633974483
9,143.0,140.0,2.1213203435596455,200.11121907579297,0.7853981633974483
9,143.0,140.0,2.1213203435596455,200.11121907579297,0.7853981633974483
9,143.0,140.0,2.1213203435596455,200.11121907579297,0.7853981633974483
9,143.0,140.0,2.1213203435596455,200.11121907579297,0.7853981633974483
9,143.0,140.0,2.1213203435596455,200.11121907579297,0.7853981633974483
9,143.0,140.0,2.1213203435596455,200.11121907579297,0.7853981633974483
9,143.0,140.0,2.1213203435596455,200.11121907579297,0.7853981633974483
9,143.0,140.0,2.1213203435596455,200.11121907579297,0.7853981633974483
9,143.0,140.0,2.1213203435596455,200.11121907579297,0.7853981633974483
9,143.0,140.0,2.1213203435596455,200.11121907579297,0.7853981633974483
9,143.0,140.0,2.1213203435596455,200.11121907579297,0.7853981633974483
9,143.0,140.0,2.1213203435596455,200.11121907579297,0.7853981633974483
9,143.0,140.0,2.1213203435596455,200.11121907579297,0.7853981633974483
9,143.0,140.0,2.1213203435596455,200.11121907579297,0.7853981633974483
9,143.0,140.0,2.1213203435596455,200.11121907579297,0.7853981633974483
9,143.0,140.0,2.1213203435596455,200.11121907579297,0.7853981633974483
9,143.0,140.0,2.1213203435596455,200.11121907579297,0.7853981633974483
9,143.0,140.0,2.1213203435596455,200.11121907579297,0.7853981633974483
9,143.0,140.0,2.1213203435596455,200.11121907579297,0.7853981633974483
9,143.0,140.0,2.1213203435596455,200.11121907579297,0.7853981633974483
9,143.0,140.0,2.1213203435596455,200.11121907579297,0.7853981633974483
9,143.0,140.0,2.1213203435596455,200.11121907579297,0.7853981633974483
9,143.0,140.0,2.1213203435596455,200.11121907579297,0.7853981633974483
9,143.0,140.0,2.1213203435596455,200.11121907579297,0.7853981633974483
9,143.0,140.0,2.1213203435596455,200.11121907579297,0.7853981633974483
9,143.0,140.0,2.1213203435596455,200.11121907579297,0.7853981633974483
9,143.0,140.0,2.1213203435596455,200.11121907579297,0.7853981633974483
9,143.0,140.0,2.1213203435596455,200.11121907579297,0.7853981633974483
9,143.0,140.0,2.1213203435596455,200.11121907579297,0.7853981633974483
9,143.0,140.0,2.1213203435596455,200.11121907579297,0.7853981633974483
9,143.0,140.0,2.1213203435596455,200.11121907579297,0.7853981633974483
9,143.0,140.0,2.1213203435596455,200.11121907579297,0.7853981633974483
9,143.0,140.0,2.1213203435596455,200.11121907579297,0.7853981633974483
9,143.0,140.0,2.1213203435596455,200.11121907579297,0.7853981633974483
9,143.0,140.0,2.1213203435596455,200.11121907579297,0.7853981633974483
9,143.0,140.0,2.1213203435596455,200.11121907579297,0.7853981633974483
9,143.0,140.0,2.1213203435596455,200.11121907579297,0.7853981633974483
9,143.0,140.0,2.1213203435596455,200.11121907579297,0.7853981633974483
9,143.0,140.0,2.1213203435596455,200.11121907579297,0.7853981633974483
9,143.0,140.0,2.1213203435596455,200.11121907579297,0.7853981633974483
9,143.0,140.0,2.1213203435596455,200.11121907579297,0.7853981633974483
9,143.0,140.0,2.1213203435596455,200.11121907579297,0.7853981633974483
9,143.0,140.0,2.1213203435596455,200.11121907579297,0.7853981633974483
9,143.0,140.0,2.1213203435596455,200.11121907579297,0.7853981633974483
9,143.0,140.0,2.1213203435596455,200.11121907579297,0.7853981633974483
9,143.0,140.0,2.1213203435596455,200.11121907579297,0.7853981633974483
9,143.0,140.0,2.1213203435596455,200.11121907579297,0.7853981633974483
9,143.0,140.0,2.1213203435596455,200.11121907579297,0.7853981633974483
9,143.0,140.0,2.1213203435596455,200.11121907579297,0.7853981633974483
9,143.0,140.0,2.1213203435596455,200.11121907579297,0.7853981633974483
9,143.0,140.0,2.1213203435596455,200.11121907579297,0.7853981633974483
9,143.0,140.0,2.1213203435596455,200.11121907579297,0.7853981633974483
9,143.0,140.0,2.1213203435596455,200.11121907579297,0.7853981633974483
9,143.0,140.0,2.1213203435596455,200.11121907579297,0.7853981633974483
9,143.0,140.0,2.1213203435596455,200.11121907579297,0.7853981633974483
9,143.0,140.0,2.1213203435596455,200.11121907579297,0.7853981633974483
9,143.0,140.0,2.1213203435596455,200.11121907579297,0.7853981633974483
9,143.0,140.0,2.1213203435596455,200.11121907579297,0.7853981633974483
9,143.0,140.0,2.1213203435596455,200.11121907579297,0.7853981633974483
9,143.0,140.0,2.1213203435596455,200.11121907579297,0.7853981633974483
9,143.0,140.0,2.1213203435596455,200.11121907579297,0.7853981633974483
9,143.0,140.0,2.1213203435596455,200.11121907579297,0.7853981633974483
10,0.0,-4.0,2.8284271247461903,-2.8284271247461903,0.7853981633974483
10,0.0,-4.0,2.8284271247461903,-2.8284271247461903,0.7853981633974483
10,0.0,-4.0,2.8284271247461903,-2.8284271247461903,0.7853981633974483
10,0.0,-4.0,2.8284271247461903,-2.8284271247461903,0.7853981633974483
10,0.0,-4.0,2.8284271247461903,-2.8284271247461903,0.7853981633974483
10,0.0,-4.0,2.8284271247461903,-2.8284271247461903,0.7853981633974483
10,0.0,-4.0,2.8284271247461903,-2.8284271247461903,0.7853981633974483
10,0.0,-4.0,2.8284271247461903,-2.8284271247461903,0.7853981633974483
10,0.0,-4.0,2.8284271247461903,-2.8284271247461903,0.7853981633974483
10,0.0,-4.0,2.8284271247461903,-2.8284271247461903,0.7853981633974483
10,0.0,-4.0,2.8284271247461903,-2.8284271247461903,0.7853981633974483
10,0.0,-4.0,2.8284271247461903,-2.8284271247461903,0.7853981633974483
10,0.0,-4.0,2.8284271247461903,-2.8284271247461903,0.7853981633974483
10,0.0,-4.0,2.8284271247461903,-2.8284271247461903,0.7853981633974483
10,0.0,-4.0,2.8284271247461903,-2.8284271247461903,0.7853981633974483
10,0.0,-4.0,2.8284271247461903,-2.8284271247461903,0.7853981633974483
10,0.0,-4.0,2.8284271247461903,-2.8284271247461903,0.7853981633974483
10,4.0,2.0,1.4142135623730951,4.242640687119286,0.7853981633974483
10,11.0,9.0,1.414213562373095,14.142135623730951,0.7853981633974483
10,16.0,14.0,1.4142135623730958,21.213203435596427,0.7853981633974483
10,22.0,20.0,1.4142135623730958,29.698484809834998,0.7853981633974483
10,30.0,33.0,-2.121320343559642,44.5477272147525,0.7853981633974483
10,39.0,46.0,-4.94974746830583,60.10407640085654,0.7853981633974483
10,53.0,63.0,-7.0710678118654755,82.02438661763952,0.7853981633974483
10,65.0,78.0,-9.192388155425121,101.1162697096763,0.7853981633974483
10,75.0,91.0,-11.313708498984766,117.3797256769669,0.7853981633974483
10,85.0,105.0,-14.142135623730951,134.35028842544403,0.7853981633974483
10,95.0,119.0,-16.97056274847715,151.3208511739212,0.7853981633974483
10,105.0,129.0,-16.97056274847715,165.46298679765215,0.7853981633974483
10,117.0,141.0,-16.97056274847715,182.43354954612926,0.7853981633974483
10,126.0,153.0,-19.09188309203678,197.28279195104676,0.7853981633974483
10,132.0,157.0,-17.67766952966369,204.35385976291224,0.7853981633974483
10,133.0,159.0,-18.384776310850242,206.4751801064719,0.7853981633974483
10,133.0,159.0,-18.384776310850242,206.4751801064719,0.7853981633974483
10,135.0,160.0,-17.67766952966369,208.59650045003153,0.7853981633974483
10,139.0,165.0,-18.384776310850228,214.96046148071048,0.7853981633974483
10,146.0,174.0,-19.798989873223334,226.27416997969522,0.7853981633974483
10,152.0,182.0,-21.21320343559644,236.1736649163069,0.7853981633974483
10,158.0,187.0,-20.506096654409887,243.95183950935893,0.7853981633974483
10,160.0,188.0,-19.79898987322335,246.07315985291856,0.7853981633974483
10,160.0,188.0,-19.79898987322335,246.07315985291856,0.7853981633974483
10,160.0,188.0,-19.79898987322335,246.07315985291856,0.7853981633974483
10,160.0,188.0,-19.79898987322335,246.07315985291856,0.7853981633974483
10,160.0,188.0,-19.79898987322335,246.07315985291856,0.7853981633974483
10,160.0,188.0,-19.79898987322335,246.07315985291856,0.7853981633974483
10,160.0,188.0,-19.79898987322335,246.07315985291856,0.7853981633974483
10,160.0,188.0,-19.79898987322335,246.07315985291856,0.7853981633974483
10,160.0,188.0,-19.79898987322335,246.07315985291856,0.7853981633974483
10,160.0,188.0,-19.79898987322335,246.07315985291856,0.7853981633974483
10,160.0,188.0,-19.79898987322335,246.07315985291856,0.7853981633974483
10,160.0,188.0,-19.79898987322335,246.07315985291856,0.7853981633974483
10,160.0,188.0,-19.79898987322335,246.07315985291856,0.7853981633974483
10,160.0,188.0,-19.79898987322335,246.07315985291856,0.7853981633974483
10,160.0,188.0,-19.79898987322335,246.07315985291856,0.7853981633974483
10,160.0,188.0,-19.79898987322335,246.07315985291856,0.7853981633974483
10,160.0,188.0,-19.79898987322335,246.07315985291856,0.7853981633974483
10,160.0,188.0,-19.79898987322335,246.07315985291856,0.7853981633974483
10,160.0,188.0,-19.79898987322335,246.07315985291856,0.7853981633974483
10,160.0,188.0,-19.79898987322335,246.07315985291856,0.7853981633974483
10,160.0,188.0,-19.79898987322335,246.07315985291856,0.7853981633974483
10,160.0,188.0,-19.79898987322335,246.07315985291856,0.7853981633974483
10,160.0,188.0,-19.79898987322335,246.07315985291856,0.7853981633974483
10,160.0,188.0,-19.79898987322335,246.07315985291856,0.7853981633974483
10,160.0,188.0,-19.79898987322335,246.07315985291856,0.7853981633974483
10,160.0,188.0,-19.79898987322335,246.07315985291856,0.7853981633974483
10,160.0,188.0,-19.79898987322335,246.07315985291856,0.7853981633974483
10,160.0,188.0,-19.79898987322335,246.07315985291856,0.7853981633974483
10,160.0,188.0,-19.79898987322335,246.07315985291856,0.7853981633974483
10,160.0,188.0,-19.79898987322335,246.07315985291856,0.7853981633974483
10,160.0,188.0,-19.79898987322335,246.07315985291856,0.7853981633974483
10,160.0,188.0,-19.79898987322335,246.07315985291856,0.7853981633974483
10,160.0,188.0,-19.79898987322335,246.07315985291856,0.7853981633974483
10,160.0,188.0,-19.79898987322335,246.07315985291856,0.7853981633974483
10,160.0,188.0,-19.79898987322335,246.07315985291856,0.7853981633974483
10,160.0,188.0,-19.79898987322335,246.07315985291856,0.7853981633974483
10,160.0,188.0,-19.79898987322335,246.07315985291856,0.7853981633974483
10,160.0,188.0,-19.79898987322335,246.07315985291856,0.7853981633974483
10,160.0,188.0,-19.79898987322335,246.07315985291856,0.7853981633974483
10,160.0,188.0,-19.79898987322335,246.07315985291856,0.7853981633974483
10,160.0,188.0,-19.79898987322335,246.07315985291856,0.7853981633974483
10,160.0,188.0,-19.79898987322335,246.07315985291856,0.7853981633974483
10,160.0,188.0,-19.79898987322335,246.07315985291856,0.7853981633974483
10,160.0,188.0,-19.79898987322335,246.07315985291856,0.7853981633974483
10,160.0,188.0,-19.79898987322335,246.07315985291856,0.7853981633974483
10,160.0,188.0,-19.79898987322335,246.07315985291856,0.7853981633974483
10,160.0,188.0,-19.79898987322335,246.07315985291856,0.7853981633974483
10,160.0,188.0,-19.79898987322335,246.07315985291856,0.7853981633974483
10,160.0,188.0,-19.79898987322335,246.07315985291856,0.7853981633974483
10,160.0,188.0,-19.79898987322335,246.07315985291856,0.7853981633974483
10,160.0,188.0,-19.79898987322335,246.07315985291856,0.7853981633974483
10,160.0,188.0,-19.79898987322335,246.07315985291856,0.7853981633974483
10,160.0,188.0,-19.79898987322335,246.07315985291856,0.7853981633974483
10,160.0,188.0,-19.79898987322335,246.07315985291856,0.7853981633974483
10,160.0,188.0,-19.79898987322335,246.07315985291856,0.7853981633974483
10,160.0,188.0,-19.79898987322335,246.07315985291856,0.7853981633974483
10,160.0,188.0,-19.79898987322335,246.07315985291856,0.7853981633974483
10,160.0,188.0,-19.79898987322335,246.07315985291856,0.7853981633974483
10,160.0,188.0,-19.79898987322335,246.07315985291856,0.7853981633974483
10,160.0,188.0,-19.79898987322335,246.07315985291856,0.7853981633974483
10,160.0,188.0,-19.79898987322335,246.07315985291856,0.7853981633974483
10,160.0,188.0,-19.79898987322335,246.07315985291856,0.7853981633974483
10,160.0,188.0,-19.79898987322335,246.07315985291856,0.7853981633974483
10,160.0,188.0,-19.79898987322335,246.07315985291856,0.7853981633974483
10,160.0,188.0,-19.79898987322335,246.07315985291856,0.7853981633974483
10,160.0,188.0,-19.79898987322335,246.07315985291856,0.7853981633974483
10,160.0,188.0,-19.79898987322335,246.07315985291856,0.7853981633974483
10,160.0,188.0,-19.79898987322335,246.07315985291856,0.7853981633974483
10,160.0,188.0,-19.79898987322335,246.07315985291856,0.7853981633974483
10,160.0,188.0,-19.79898987322335,246.07315985291856,0.7853981633974483
11,4.0,4.0,4.0,4.0,0.0
11,4.0,4.0,4.0,4.0,0.0
11,4.0,5.0,4.0,5.0,0.0
11,4.0,6.0,4.0,6.0,0.0
11,5.0,7.0,5.0,7.0,0.0
11,6.0,9.0,6.0,9.0,0.0
11,7.0,15.0,7.0,15.0,0.0
11,11.0,27.0,11.0,27.0,0.0
11,15.0,47.0,15.0,47.0,0.0
11,17.0,92.0,17.0,92.0,0.0
11,18.0,132.0,18.0,132.0,0.0
11,22.0,153.0,22.0,153.0,0.0
11,28.0,169.0,28.0,169.0,0.0
11,33.0,180.0,33.0,180.0,0.0
11,35.0,188.0,35.0,188.0,0.0
11,35.0,198.0,35.0,198.0,0.0
11,35.0,208.0,35.0,208.0,0.0
11,34.0,215.0,34.0,215.0,0.0
11,34.0,219.0,34.0,219.0,0.0
11,34.0,219.0,34.0,219.0,0.0
11,34.0,219.0,34.0,219.0,0.0
11,34.0,219.0,34.0,219.0,0.0
11,34.0,219.0,34.0,219.0,0.0
11,34.0,219.0,34.0,219.0,0.0
11,34.0,219.0,34.0,219.0,0.0
11,34.0,219.0,34.0,219.0,0.0
11,34.0,219.0,34.0,219.0,0.0
11,34.0,219.0,34.0,219.0,0.0
11,34.0,219.0,34.0,219.0,0.0
11,34.0,219.0,34.0,219.0,0.0
11,34.0,219.0,34.0,219.0,0.0
11,34.0,219.0,34.0,219.0,0.0
11,34.0,219.0,34.0,219.0,0.0
11,34.0,219.0,34.0,219.0,0.0
11,34.0,219.0,34.0,219.0,0.0
11,34.0,219.0,34.0,219.0,0.0
11,34.0,219.0,34.0,219.0,0.0
11,34.0,219.0,34.0,219.0,0.0
11,34.0,219.0,34.0,219.0,0.0
11,34.0,219.0,34.0,219.0,0.0
11,34.0,219.0,34.0,219.0,0.0
11,34.0,219.0,34.0,219.0,0.0
11,34.0,219.0,34.0,219.0,0.0
11,34.0,219.0,34.0,219.0,0.0
11,34.0,219.0,34.0,219.0,0.0
11,34.0,219.0,34.0,219.0,0.0
11,34.0,219.0,34.0,219.0,0.0
11,34.0,219.0,34.0,219.0,0.0
11,34.0,219.0,34.0,219.0,0.0
11,34.0,219.0,34.0,219.0,0.0
11,34.0,219.0,34.0,219.0,0.0
11,34.0,219.0,34.0,219.0,0.0
11,34.0,219.0,34.0,219.0,0.0
11,34.0,219.0,34.0,219.0,0.0
11,34.0,219.0,34.0,219.0,0.0
11,34.0,219.0,34.0,219.0,0.0
11,34.0,219.0,34.0,219.0,0.0
11,34.0,219.0,34.0,219.0,0.0
11,34.0,219.0,34.0,219.0,0.0
11,34.0,219.0,34.0,219.0,0.0
11,34.0,219.0,34.0,219.0,0.0
11,34.0,219.0,34.0,219.0,0.0
11,34.0,219.0,34.0,219.0,0.0
11,34.0,219.0,34.0,219.0,0.0
11,34.0,219.0,34.0,219.0,0.0
11,34.0,219.0,34.0,219.0,0.0
11,34.0,219.0,34.0,219.0,0.0
11,34.0,219.0,34.0,219.0,0.0
11,34.0,219.0,34.0,219.0,0.0
11,34.0,219.0,34.0,219.0,0.0
11,34.0,219.0,34.0,219.0,0.0
11,34.0,219.0,34.0,219.0,0.0
11,34.0,219.0,34.0,219.0,0.0
11,34.0,219.0,34.0,219.0,0.0
11,34.0,219.0,34.0,219.0,0.0
11,34.0,219.0,34.0,219.0,0.0
11,34.0,219.0,34.0,219.0,0.0
11,34.0,219.0,34.0,219.0,0.0
11,34.0,219.0,34.0,219.0,0.0
11,34.0,219.0,34.0,219.0,0.0
11,34.0,219.0,34.0,219.0,0.0
11,34.0,219.0,34.0,219.0,0.0
11,34.0,219.0,34.0,219.0,0.0
11,34.0,219.0,34.0,219.0,0.0
11,34.0,219.0,34.0,219.0,0.0
11,34.0,219.0,34.0,219.0,0.0
11,34.0,219.0,34.0,219.0,0.0
11,34.0,219.0,34.0,219.0,0.0
11,34.0,219.0,34.0,219.0,0.0
11,34.0,219.0,34.0,219.0,0.0
11,34.0,219.0,34.0,219.0,0.0
11,34.0,219.0,34.0,219.0,0.0
11,34.0,219.0,34.0,219.0,0.0
11,34.0,219.0,34.0,219.0,0.0
11,34.0,219.0,34.0,219.0,0.0
12,-1.0,-1.0,-1.0,-1.0,0.0
12,-1.0,0.0,-1.0,0.0,0.0
12,0.0,0.0,0.0,0.0,0.0
12,0.0,0.0,0.0,0.0,0.0
12,0.0,0.0,0.0,0.0,0.0
12,0.0,0.0,0.0,0.0,0.0
12,0.0,0.0,0.0,0.0,0.0
12,0.0,0.0,0.0,0.0,0.0
12,0.0,0.0,0.0,0.0,0.0
12,0.0,0.0,0.0,0.0,0.0
12,0.0,4.0,0.0,4.0,0.0
12,1.0,7.0,1.0,7.0,0.0
12,2.0,11.0,2.0,11.0,0.0
12,3.0,15.0,3.0,15.0,0.0
12,6.0,27.0,6.0,27.0,0.0
12,10.0,47.0,10.0,47.0,0.0
12,16.0,85.0,16.0,85.0,0.0
12,19.0,134.0,19.0,134.0,0.0
12,22.0,170.0,22.0,170.0,0.0
12,25.0,194.0,25.0,194.0,0.0
12,28.0,207.0,28.0,207.0,0.0
12,30.0,215.0,30.0,215.0,0.0
12,31.0,220.0,31.0,220.0,0.0
12,32.0,222.0,32.0,222.0,0.0
12,32.0,223.0,32.0,223.0,0.0
12,32.0,223.0,32.0,223.0,0.0
12,32.0,223.0,32.0,223.0,0.0
12,32.0,223.0,32.0,223.0,0.0
12,32.0,223.0,32.0,223.0,0.0
12,32.0,223.0,32.0,223.0,0.0
12,32.0,223.0,32.0,223.0,0.0
12,32.0,223.0,32.0,223.0,0.0
12,32.0,223.0,32.0,223.0,0.0
12,32.0,223.0,32.0,223.0,0.0
12,32.0,224.0,32.0,224.0,0.0
12,32.0,224.0,32.0,224.0,0.0
12,32.0,224.0,32.0,224.0,0.0
12,32.0,224.0,32.0,224.0,0.0
12,32.0,224.0,32.0,224.0,0.0
12,32.0,224.0,32.0,224.0,0.0
12,32.0,224.0,32.0,224.0,0.0
12,32.0,224.0,32.0,224.0,0.0
12,32.0,224.0,32.0,224.0,0.0
12,32.0,224.0,32.0,224.0,0.0
12,32.0,224.0,32.0,224.0,0.0
12,32.0,224.0,32.0,224.0,0.0
12,32.0,224.0,32.0,224.0,0.0
12,32.0,224.0,32.0,224.0,0.0
12,32.0,224.0,32.0,224.0,0.0
12,32.0,224.0,32.0,224.0,0.0
12,32.0,224.0,32.0,224.0,0.0
12,32.0,224.0,32.0,224.0,0.0
12,32.0,224.0,32.0,224.0,0.0
12,32.0,224.0,32.0,224.0,0.0
12,32.0,224.0,32.0,224.0,0.0
12,32.0,224.0,32.0,224.0,0.0
12,32.0,224.0,32.0,224.0,0.0
12,32.0,224.0,32.0,224.0,0.0
12,32.0,224.0,32.0,224.0,0.0
12,32.0,224.0,32.0,224.0,0.0
12,32.0,224.0,32.0,224.0,0.0
12,32.0,224.0,32.0,224.0,0.0
12,32.0,224.0,32.0,224.0,0.0
12,32.0,224.0,32.0,224.0,0.0
12,32.0,224.0,32.0,224.0,0.0
12,32.0,224.0,32.0,224.0,0.0
12,32.0,224.0,32.0,224.0,0.0
12,32.0,224.0,32.0,224.0,0.0
12,32.0,224.0,32.0,224.0,0.0
12,32.0,224.0,32.0,224.0,0.0
12,32.0,224.0,32.0,224.0,0.0
12,32.0,224.0,32.0,224.0,0.0
12,32.0,224.0,32.0,224.0,0.0
12,32.0,224.0,32.0,224.0,0.0
12,32.0,224.0,32.0,224.0,0.0
12,32.0,224.0,32.0,224.0,0.0
12,32.0,224.0,32.0,224.0,0.0
12,32.0,224.0,32.0,224.0,0.0
12,32.0,224.0,32.0,224.0,0.0
12,32.0,224.0,32.0,224.0,0.0
12,32.0,224.0,32.0,224.0,0.0
12,32.0,224.0,32.0,224.0,0.0
12,32.0,224.0,32.0,224.0,0.0
12,32.0,224.0,32.0,224.0,0.0
12,32.0,224.0,32.0,224.0,0.0
12,32.0,224.0,32.0,224.0,0.0
12,32.0,224.0,32.0,224.0,0.0
12,32.0,224.0,32.0,224.0,0.0
12,32.0,224.0,32.0,224.0,0.0
12,32.0,224.0,32.0,224.0,0.0
12,32.0,224.0,32.0,224.0,0.0
12,32.0,224.0,32.0,224.0,0.0
12,32.0,224.0,32.0,224.0,0.0
12,32.0,224.0,32.0,224.0,0.0
12,32.0,224.0,32.0,224.0,0.0
12,32.0,224.0,32.0,224.0,0.0
12,32.0,224.0,32.0,224.0,0.0
12,32.0,224.0,32.0,224.0,0.0
12,32.0,224.0,32.0,224.0,0.0
12,32.0,224.0,32.0,224.0,0.0
12,32.0,224.0,32.0,224.0,0.0
13,2.0,2.0,2.0,2.0,0.0
13,2.0,2.0,2.0,2.0,0.0
13,2.0,2.0,2.0,2.0,0.0
13,2.0,2.0,2.0,2.0,0.0
13,2.0,2.0,2.0,2.0,0.0
13,2.0,2.0,2.0,2.0,0.0
13,2.0,2.0,2.0,2.0,0.0
13,2.0,2.0,2.0,2.0,0.0
13,2.0,2.0,2.0,2.0,0.0
13,2.0,2.0,2.0,2.0,0.0
13,2.0,2.0,2.0,2.0,0.0
13,2.0,2.0,2.0,2.0,0.0
13,2.0,2.0,2.0,2.0,0.0
13,2.0,2.0,2.0,2.0,0.0
13,2.0,2.0,2.0,2.0,0.0
13,2.0,2.0,2.0,2.0,0.0
13,2.0,2.0,2.0,2.0,0.0
13,2.0,11.0,2.0,11.0,0.0
13,2.0,30.0,2.0,30.0,0.0
13,3.0,49.0,3.0,49.0,0.0
13,1.0,84.0,1.0,84.0,0.0
13,-3.0,129.0,-3.0,129.0,0.0
13,-5.0,166.0,-5.0,166.0,0.0
13,-6.0,190.0,-6.0,190.0,0.0
13,-6.0,208.0,-6.0,208.0,0.0
13,-6.0,215.0,-6.0,215.0,0.0
13,-6.0,219.0,-6.0,219.0,0.0
13,-6.0,220.0,-6.0,220.0,0.0
13,-6.0,220.0,-6.0,220.0,0.0
13,-6.0,220.0,-6.0,220.0,0.0
13,-6.0,220.0,-6.0,220.0,0.0
13,-6.0,220.0,-6.0,220.0,0.0
13,-6.0,220.0,-6.0,220.0,0.0
13,-6.0,220.0,-6.0,220.0,0.0
13,-6.0,220.0,-6.0,220.0,0.0
13,-6.0,220.0,-6.0,220.0,0.0
13,-6.0,220.0,-6.0,220.0,0.0
13,-6.0,220.0,-6.0,220.0,0.0
13,-6.0,220.0,-6.0,220.0,0.0
13,-6.0,220.0,-6.0,220.0,0.0
13,-6.0,220.0,-6.0,220.0,0.0
13,-6.0,220.0,-6.0,220.0,0.0
13,-6.0,220.0,-6.0,220.0,0.0
13,-6.0,220.0,-6.0,220.0,0.0
13,-6.0,220.0,-6.0,220.0,0.0
13,-6.0,220.0,-6.0,220.0,0.0
13,-6.0,220.0,-6.0,220.0,0.0
13,-6.0,220.0,-6.0,220.0,0.0
13,-6.0,220.0,-6.0,220.0,0.0
13,-6.0,220.0,-6.0,220.0,0.0
13,-6.0,220.0,-6.0,220.0,0.0
13,-6.0,220.0,-6.0,220.0,0.0
13,-6.0,220.0,-6.0,220.0,0.0
13,-6.0,220.0,-6.0,220.0,0.0
13,-6.0,220.0,-6.0,220.0,0.0
13,-6.0,220.0,-6.0,220.0,0.0
13,-6.0,220.0,-6.0,220.0,0.0
13,-6.0,220.0,-6.0,220.0,0.0
13,-6.0,220.0,-6.0,220.0,0.0
13,-6.0,220.0,-6.0,220.0,0.0
13,-6.0,220.0,-6.0,220.0,0.0
13,-6.0,220.0,-6.0,220.0,0.0
13,-6.0,220.0,-6.0,220.0,0.0
13,-6.0,220.0,-6.0,220.0,0.0
13,-6.0,220.0,-6.0,220.0,0.0
13,-6.0,220.0,-6.0,220.0,0.0
13,-6.0,220.0,-6.0,220.0,0.0
13,-6.0,220.0,-6.0,220.0,0.0
13,-6.0,220.0,-6.0,220.0,0.0
13,-6.0,220.0,-6.0,220.0,0.0
13,-6.0,220.0,-6.0,220.0,0.0
13,-6.0,220.0,-6.0,220.0,0.0
13,-6.0,220.0,-6.0,220.0,0.0
13,-6.0,220.0,-6.0,220.0,0.0
13,-6.0,220.0,-6.0,220.0,0.0
13,-6.0,220.0,-6.0,220.0,0.0
13,-6.0,220.0,-6.0,220.0,0.0
13,-6.0,220.0,-6.0,220.0,0.0
13,-6.0,220.0,-6.0,220.0,0.0
13,-6.0,220.0,-6.0,220.0,0.0
13,-6.0,220.0,-6.0,220.0,0.0
13,-6.0,220.0,-6.0,220.0,0.0
13,-6.0,220.0,-6.0,220.0,0.0
13,-6.0,220.0,-6.0,220.0,0.0
13,-6.0,220.0,-6.0,220.0,0.0
13,-6.0,220.0,-6.0,220.0,0.0
13,-6.0,220.0,-6.0,220.0,0.0
13,-6.0,220.0,-6.0,220.0,0.0
13,-6.0,220.0,-6.0,220.0,0.0
13,-6.0,220.0,-6.0,220.0,0.0
13,-6.0,220.0,-6.0,220.0,0.0
13,-6.0,220.0,-6.0,220.0,0.0
13,-6.0,220.0,-6.0,220.0,0.0
13,-6.0,220.0,-6.0,220.0,0.0
13,-6.0,220.0,-6.0,220.0,0.0
13,-6.0,220.0,-6.0,220.0,0.0
13,-6.0,220.0,-6.0,220.0,0.0
13,-6.0,220.0,-6.0,220.0,0.0
13,-6.0,220.0,-6.0,220.0,0.0
13,-6.0,220.0,-6.0,220.0,0.0
13,-6.0,220.0,-6.0,220.0,0.0
13,-6.0,220.0,-6.0,220.0,0.0
13,-6.0,220.0,-6.0,220.0,0.0
13,-6.0,220.0,-6.0,220.0,0.0
14,-5.0,1.0,-5.0,1.0,0.0
14,-5.0,1.0,-5.0,1.0,0.0
14,-5.0,1.0,-5.0,1.0,0.0
14,-5.0,1.0,-5.0,1.0,0.0
14,-5.0,1.0,-5.0,1.0,0.0
14,-5.0,1.0,-5.0,1.0,0.0
14,-5.0,1.0,-5.0,1.0,0.0
14,-5.0,1.0,-5.0,1.0,0.0
14,-5.0,1.0,-5.0,1.0,0.0
14,-5.0,1.0,-5.0,1.0,0.0
14,-5.0,1.0,-5.0,1.0,0.0
14,-5.0,1.0,-5.0,1.0,0.0
14,-5.0,1.0,-5.0,1.0,0.0
14,-5.0,1.0,-5.0,1.0,0.0
14,-5.0,1.0,-5.0,1.0,0.0
14,-5.0,1.0,-5.0,1.0,0.0
14,-5.0,3.0,-5.0,3.0,0.0
14,-3.0,11.0,-3.0,11.0,0.0
14,-1.0,20.0,-1.0,20.0,0.0
14,3.0,34.0,3.0,34.0,0.0
14,7.0,52.0,7.0,52.0,0.0
14,10.0,70.0,10.0,70.0,0.0
14,13.0,99.0,13.0,99.0,0.0
14,14.0,135.0,14.0,135.0,0.0
14,14.0,172.0,14.0,172.0,0.0
14,7.0,213.0,7.0,213.0,0.0
14,2.0,231.0,2.0,231.0,0.0
14,-1.0,239.0,-1.0,239.0,0.0
14,-2.0,242.0,-2.0,242.0,0.0
14,-2.0,242.0,-2.0,242.0,0.0
14,-2.0,242.0,-2.0,242.0,0.0
14,-2.0,242.0,-2.0,242.0,0.0
14,-2.0,242.0,-2.0,242.0,0.0
14,-2.0,243.0,-2.0,243.0,0.0
14,-2.0,243.0,-2.0,243.0,0.0
14,-2.0,243.0,-2.0,243.0,0.0
14,-2.0,243.0,-2.0,243.0,0.0
14,-2.0,243.0,-2.0,243.0,0.0
14,-2.0,243.0,-2.0,243.0,0.0
14,-2.0,243.0,-2.0,243.0,0.0
14,-2.0,243.0,-2.0,243.0,0.0
14,-2.0,243.0,-2.0,243.0,0.0
14,-2.0,243.0,-2.0,243.0,0.0
14,-2.0,243.0,-2.0,243.0,0.0
14,-2.0,243.0,-2.0,243.0,0.0
14,-2.0,243.0,-2.0,243.0,0.0
14,-2.0,243.0,-2.0,243.0,0.0
14,-2.0,243.0,-2.0,243.0,0.0
14,-2.0,243.0,-2.0,243.0,0.0
14,-2.0,243.0,-2.0,243.0,0.0
14,-2.0,243.0,-2.0,243.0,0.0
14,-2.0,243.0,-2.0,243.0,0.0
14,-2.0,243.0,-2.0,243.0,0.0
14,-2.0,243.0,-2.0,243.0,0.0
14,-2.0,243.0,-2.0,243.0,0.0
14,-2.0,243.0,-2.0,243.0,0.0
14,-2.0,243.0,-2.0,243.0,0.0
14,-2.0,243.0,-2.0,243.0,0.0
14,-2.0,243.0,-2.0,243.0,0.0
14,-2.0,243.0,-2.0,243.0,0.0
14,-2.0,243.0,-2.0,243.0,0.0
14,-2.0,243.0,-2.0,243.0,0.0
14,-2.0,243.0,-2.0,243.0,0.0
14,-2.0,243.0,-2.0,243.0,0.0
14,-2.0,243.0,-2.0,243.0,0.0
14,-2.0,243.0,-2.0,243.0,0.0
14,-2.0,243.0,-2.0,243.0,0.0
14,-2.0,243.0,-2.0,243.0,0.0
14,-2.0,243.0,-2.0,243.0,0.0
14,-2.0,243.0,-2.0,243.0,0.0
14,-2.0,243.0,-2.0,243.0,0.0
14,-2.0,243.0,-2.0,243.0,0.0
14,-2.0,243.0,-2.0,243.0,0.0
14,-2.0,243.0,-2.0,243.0,0.0
14,-2.0,243.0,-2.0,243.0,0.0
14,-2.0,243.0,-2.0,243.0,0.0
14,-2.0,243.0,-2.0,243.0,0.0
14,-2.0,243.0,-2.0,243.0,0.0
14,-2.0,243.0,-2.0,243.0,0.0
14,-2.0,243.0,-2.0,243.0,0.0
14,-2.0,243.0,-2.0,243.0,0.0
14,-2.0,243.0,-2.0,243.0,0.0
14,-2.0,243.0,-2.0,243.0,0.0
14,-2.0,243.0,-2.0,243.0,0.0
14,-2.0,243.0,-2.0,243.0,0.0
14,-2.0,243.0,-2.0,243.0,0.0
14,-2.0,243.0,-2.0,243.0,0.0
14,-2.0,243.0,-2.0,243.0,0.0
14,-2.0,243.0,-2.0,243.0,0.0
14,-2.0,243.0,-2.0,243.0,0.0
14,-2.0,243.0,-2.0,243.0,0.0
14,-2.0,243.0,-2.0,243.0,0.0
14,-2.0,243.0,-2.0,243.0,0.0
14,-2.0,243.0,-2.0,243.0,0.0
14,-2.0,243.0,-2.0,243.0,0.0
14,-2.0,243.0,-2.0,243.0,0.0
14,-2.0,243.0,-2.0,243.0,0.0
14,-2.0,243.0,-2.0,243.0,0.0
14,-2.0,243.0,-2.0,243.0,0.0
14,-2.0,243.0,-2.0,243.0,0.0
14,-2.0,243.0,-2.0,243.0,0.0
14,-2.0,243.0,-2.0,243.0,0.0
14,-2.0,243.0,-2.0,243.0,0.0
14,-2.0,243.0,-2.0,243.0,0.0
14,-2.0,243.0,-2.0,243.0,0.0
15,6.0,7.0,6.0,7.0,0.0
15,6.0,7.0,6.0,7.0,0.0
15,6.0,7.0,6.0,7.0,0.0
15,6.0,7.0,6.0,7.0,0.0
15,6.0,7.0,6.0,7.0,0.0
15,6.0,7.0,6.0,7.0,0.0
15,6.0,7.0,6.0,7.0,0.0
15,6.0,7.0,6.0,7.0,0.0
15,6.0,7.0,6.0,7.0,0.0
15,6.0,7.0,6.0,7.0,0.0
15,6.0,7.0,6.0,7.0,0.0
15,6.0,7.0,6.0,7.0,0.0
15,6.0,7.0,6.0,7.0,0.0
15,6.0,7.0,6.0,7.0,0.0
15,6.0,7.0,6.0,7.0,0.0
15,6.0,7.0,6.0,7.0,0.0
15,6.0,7.0,6.0,7.0,0.0
15,6.0,7.0,6.0,7.0,0.0
15,6.0,7.0,6.0,7.0,0.0
15,6.0,9.0,6.0,9.0,0.0
15,7.0,22.0,7.0,22.0,0.0
15,10.0,37.0,10.0,37.0,0.0
15,10.0,75.0,10.0,75.0,0.0
15,7.0,129.0,7.0,129.0,0.0
15,4.0,166.0,4.0,166.0,0.0
15,2.0,192.0,2.0,192.0,0.0
15,2.0,205.0,2.0,205.0,0.0
15,2.0,221.0,2.0,221.0,0.0
15,3.0,236.0,3.0,236.0,0.0
15,4.0,248.0,4.0,248.0,0.0
15,4.0,251.0,4.0,251.0,0.0
15,4.0,252.0,4.0,252.0,0.0
15,4.0,252.0,4.0,252.0,0.0
15,4.0,252.0,4.0,252.0,0.0
15,4.0,252.0,4.0,252.0,0.0
15,4.0,252.0,4.0,252.0,0.0
15,4.0,252.0,4.0,252.0,0.0
15,4.0,252.0,4.0,252.0,0.0
15,4.0,252.0,4.0,252.0,0.0
15,4.0,252.0,4.0,252.0,0.0
15,4.0,252.0,4.0,252.0,0.0
15,4.0,252.0,4.0,252.0,0.0
15,4.0,252.0,4.0,252.0,0.0
15,4.0,252.0,4.0,252.0,0.0
15,4.0,252.0,4.0,252.0,0.0
15,4.0,252.0,4.0,252.0,0.0
15,4.0,252.0,4.0,252.0,0.0
15,4.0,252.0,4.0,252.0,0.0
15,4.0,252.0,4.0,252.0,0.0
15,4.0,252.0,4.0,252.0,0.0
15,4.0,252.0,4.0,252.0,0.0
15,4.0,252.0,4.0,252.0,0.0
15,4.0,252.0,4.0,252.0,0.0
15,4.0,252.0,4.0,252.0,0.0
15,4.0,252.0,4.0,252.0,0.0
15,4.0,252.0,4.0,252.0,0.0
15,4.0,252.0,4.0,252.0,0.0
15,4.0,252.0,4.0,252.0,0.0
15,4.0,252.0,4.0,252.0,0.0
15,4.0,252.0,4.0,252.0,0.0
15,4.0,252.0,4.0,252.0,0.0
15,4.0,252.0,4.0,252.0,0.0
15,4.0,252.0,4.0,252.0,0.0
15,4.0,252.0,4.0,252.0,0.0
15,4.0,252.0,4.0,252.0,0.0
15,4.0,252.0,4.0,252.0,0.0
15,4.0,252.0,4.0,252.0,0.0
15,4.0,252.0,4.0,252.0,0.0
15,4.0,252.0,4.0,252.0,0.0
15,4.0,252.0,4.0,252.0,0.0
15,4.0,252.0,4.0,252.0,0.0
15,4.0,252.0,4.0,252.0,0.0
15,4.0,252.0,4.0,252.0,0.0
15,4.0,252.0,4.0,252.0,0.0
15,4.0,252.0,4.0,252.0,0.0
15,4.0,252.0,4.0,252.0,0.0
15,4.0,252.0,4.0,252.0,0.0
15,4.0,252.0,4.0,252.0,0.0
15,4.0,252.0,4.0,252.0,0.0
15,4.0,252.0,4.0,252.0,0.0
15,4.0,252.0,4.0,252.0,0.0
15,4.0,252.0,4.0,252.0,0.0
15,4.0,252.0,4.0,252.0,0.0
15,4.0,252.0,4.0,252.0,0.0
15,4.0,252.0,4.0,252.0,0.0
15,4.0,252.0,4.0,252.0,0.0
15,4.0,252.0,4.0,252.0,0.0
15,4.0,252.0,4.0,252.0,0.0
15,4.0,252.0,4.0,252.0,0.0
15,4.0,252.0,4.0,252.0,0.0
15,4.0,252.0,4.0,252.0,0.0
15,4.0,252.0,4.0,252.0,0.0
15,4.0,252.0,4.0,252.0,0.0
15,4.0,252.0,4.0,252.0,0.0
15,4.0,252.0,4.0,252.0,0.0
15,4.0,252.0,4.0,252.0,0.0
15,4.0,252.0,4.0,252.0,0.0
15,4.0,252.0,4.0,252.0,0.0
15,4.0,252.0,4.0,252.0,0.0
15,4.0,252.0,4.0,252.0,0.0
15,4.0,252.0,4.0,252.0,0.0
15,4.0,252.0,4.0,252.0,0.0
15,4.0,252.0,4.0,252.0,0.0
15,4.0,252.0,4.0,252.0,0.0
15,4.0,252.0,4.0,252.0,0.0
15,4.0,252.0,4.0,252.0,0.0
15,4.0,252.0,4.0,252.0,0.0
15,4.0,252.0,4.0,252.0,0.0
16,-2.0,3.0,-2.0,3.0,0.0
16,-2.0,3.0,-2.0,3.0,0.0
16,-2.0,3.0,-2.0,3.0,0.0
16,-2.0,3.0,-2.0,3.0,0.0
16,-2.0,3.0,-2.0,3.0,0.0
16,-2.0,3.0,-2.0,3.0,0.0
16,-2.0,3.0,-2.0,3.0,0.0
16,-2.0,3.0,-2.0,3.0,0.0
16,-2.0,3.0,-2.0,3.0,0.0
16,-2.0,3.0,-2.0,3.0,0.0
16,-2.0,3.0,-2.0,3.0,0.0
16,-2.0,3.0,-2.0,3.0,0.0
16,-2.0,3.0,-2.0,3.0,0.0
16,-2.0,3.0,-2.0,3.0,0.0
16,-2.0,3.0,-2.0,3.0,0.0
16,-2.0,3.0,-2.0,3.0,0.0
16,-2.0,7.0,-2.0,7.0,0.0
16,0.0,14.0,0.0,14.0,0.0
16,0.0,22.0,0.0,22.0,0.0
16,3.0,37.0,3.0,37.0,0.0
16,5.0,61.0,5.0,61.0,0.0
16,6.0,87.0,6.0,87.0,0.0
16,6.0,118.0,6.0,118.0,0.0
16,6.0,151.0,6.0,151.0,0.0
16,6.0,177.0,6.0,177.0,0.0
16,5.0,193.0,5.0,193.0,0.0
16,5.0,198.0,5.0,198.0,0.0
16,5.0,199.0,5.0,199.0,0.0
16,5.0,199.0,5.0,199.0,0.0
16,5.0,202.0,5.0,202.0,0.0
16,5.0,204.0,5.0,204.0,0.0
16,5.0,205.0,5.0,205.0,0.0
16,5.0,205.0,5.0,205.0,0.0
16,5.0,205.0,5.0,205.0,0.0
16,5.0,205.0,5.0,205.0,0.0
16,5.0,205.0,5.0,205.0,0.0
16,5.0,205.0,5.0,205.0,0.0
16,5.0,205.0,5.0,205.0,0.0
16,5.0,205.0,5.0,205.0,0.0
16,5.0,205.0,5.0,205.0,0.0
16,5.0,205.0,5.0,205.0,0.0
16,5.0,205.0,5.0,205.0,0.0
16,5.0,205.0,5.0,205.0,0.0
16,5.0,205.0,5.0,205.0,0.0
16,5.0,205.0,5.0,205.0,0.0
16,5.0,205.0,5.0,205.0,0.0
16,5.0,205.0,5.0,205.0,0.0
16,5.0,205.0,5.0,205.0,0.0
16,5.0,205.0,5.0,205.0,0.0
16,5.0,205.0,5.0,205.0,0.0
16,5.0,205.0,5.0,205.0,0.0
16,5.0,205.0,5.0,205.0,0.0
16,5.0,205.0,5.0,205.0,0.0
16,5.0,205.0,5.0,205.0,0.0
16,5.0,205.0,5.0,205.0,0.0
16,5.0,205.0,5.0,205.0,0.0
16,5.0,205.0,5.0,205.0,0.0
16,5.0,205.0,5.0,205.0,0.0
16,5.0,205.0,5.0,205.0,0.0
16,5.0,205.0,5.0,205.0,0.0
16,5.0,205.0,5.0,205.0,0.0
16,5.0,205.0,5.0,205.0,0.0
16,5.0,205.0,5.0,205.0,0.0
16,5.0,205.0,5.0,205.0,0.0
16,5.0,205.0,5.0,205.0,0.0
16,5.0,205.0,5.0,205.0,0.0
16,5.0,205.0,5.0,205.0,0.0
16,5.0,205.0,5.0,205.0,0.0
16,5.0,205.0,5.0,205.0,0.0
16,5.0,205.0,5.0,205.0,0.0
16,5.0,205.0,5.0,205.0,0.0
16,5.0,205.0,5.0,205.0,0.0
16,5.0,205.0,5.0,205.0,0.0
16,5.0,205.0,5.0,205.0,0.0
16,5.0,205.0,5.0,205.0,0.0
16,5.0,205.0,5.0,205.0,0.0
16,5.0,205.0,5.0,205.0,0.0
16,5.0,205.0,5.0,205.0,0.0
16,5.0,205.0,5.0,205.0,0.0
16,5.0,205.0,5.0,205.0,0.0
16,5.0,205.0,5.0,205.0,0.0
16,5.0,205.0,5.0,205.0,0.0
16,5.0,205.0,5.0,205.0,0.0
16,5.0,205.0,5.0,205.0,0.0
16,5.0,205.0,5.0,205.0,0.0
16,5.0,205.0,5.0,205.0,0.0
16,5.0,205.0,5.0,205.0,0.0
16,5.0,205.0,5.0,205.0,0.0
16,5.0,205.0,5.0,205.0,0.0
16,5.0,205.0,5.0,205.0,0.0
16,5.0,205.0,5.0,205.0,0.0
16,5.0,205.0,5.0,205.0,0.0
16,5.0,205.0,5.0,205.0,0.0
16,5.0,205.0,5.0,205.0,0.0
16,5.0,205.0,5.0,205.0,0.0
16,5.0,205.0,5.0,205.0,0.0
16,5.0,205.0,5.0,205.0,0.0
16,5.0,205.0,5.0,205.0,0.0
16,5.0,205.0,5.0,205.0,0.0
16,5.0,205.0,5.0,205.0,0.0
16,5.0,205.0,5.0,205.0,0.0
16,5.0,205.0,5.0,205.0,0.0
16,5.0,205.0,5.0,205.0,0.0
16,5.0,205.0,5.0,205.0,0.0
